id,text,tweet_url,"√â violento?
(1=sim, 0=n√£o)","O candidato √© o objeto do coment√°rio?
(1=sim, 0=n√£o)","Coment√°rio √© racista/machista/LGBTf√≥bico?
(1=sim, 0=n√£o)"
1573974344312692736,@VaiPaolla E o cara com tatuagem do Lula que matou mulher e filha? Esquerdismo e feminismo s√£o 2 doen√ßas que devem ser estirpadas da nossa sociedade. DOENTE!,https://www.twitter.com/mjungle1971/status/1573974344312692736,,,
1564063877549154305,@AriadnaArantes @jairbolsonaro Oferece o que vc j√° toma pois vc t√° acostumado ficar com esse bumbum guloso a disposi√ß√£o das hemorr√≥idas,https://www.twitter.com/glauberpg/status/1564063877549154305,,,
1568431541184876545,"@BennyBriolly @LulaOficial Capacho de bandido tem mais √© q se fooder mesmo

Vai la lamber o rabo vai dog obediente",https://www.twitter.com/Alexx_ison_fire/status/1568431541184876545,,,
1575985587282399233,@castelllovini puta merda ü§¢,https://www.twitter.com/coemagnu/status/1575985587282399233,,,
1575595410454097920,@dudahidalgo13 Gostosa,https://www.twitter.com/AnimeSakuraba/status/1575595410454097920,,,
1575703329287507968,@mariamarighella Rasteira nesse pombo sujo,https://www.twitter.com/TabareuC/status/1575703329287507968,,,
1572241185095258112,@castelllovini @scaluniaa Gostosas com Vini!!!!!,https://www.twitter.com/larissamizeravi/status/1572241185095258112,,,
1564105542297157633,@PabloAiresRN Pica ta,https://www.twitter.com/laribasgal/status/1564105542297157633,,,
1574950497026379776,@Izalourenca Um bosta,https://www.twitter.com/_bellesimoes/status/1574950497026379776,,,
1560000584098484224,"tem seborreia a calv√≠cie dele para na bunda ...üôÑüôÑe quer vir falar da nossa deusa rainha melhor de todas a mais bonita cheirosa carinhosa talentosa gostosa de fracasso,e por causa disso que eu deixe-o todos os f√£s da ariana xingar ele.
@AriadnaArantes",https://www.twitter.com/alanis_romao/status/1560000584098484224,,,
1565864561718296576,@beatrizcaminha @JanjaLula Coitada!,https://www.twitter.com/luciairene86/status/1565864561718296576,,,
1565153240525680640,@vivireispsol @LulaOficial Meu Deus mulher te odeio,https://www.twitter.com/lentescorderosa/status/1565153240525680640,,,
1567640724450967555,@dudahidalgo13 Que vergonha,https://www.twitter.com/ggmarialula/status/1567640724450967555,,,
1566899641794416641,"@fabiofelixdf Inseticida, o cara da camisa Gucci que falou que a burguesia fede para um p√∫blico que pagou mil reais num ingresso e trinta contos num p√£o com salsicha kkkkk ahhhhh, como deve ser bom ser burgu√™s.... Pena que fede mesmo kkkkkk fede a hipocrisia",https://www.twitter.com/agapefpim/status/1566899641794416641,,,
1565866383904313344,@beatrizcaminha @JanjaLula N√£o d√° para ser mais feias n√£o‚Ä¶. Kkkkkk,https://www.twitter.com/luciotf/status/1565866383904313344,,,
1565867938229501953,@beatrizcaminha @JanjaLula Kkkkkkk. Chupa cana,https://www.twitter.com/Andlima54/status/1565867938229501953,,,
1574385370854313984,"@fabiofelixdf L de lixo, ladr√£o, louco kkkk",https://www.twitter.com/ElaineC08028677/status/1574385370854313984,,,
1561180221545512962,@bellagoncalvs S√≥ absurdo! Sabia que ele cancelou a agenda de um evento de cultura no Pal√°cio das Artes para receber o genocida em BH?! Esse cara √© podre ü§Æ!,https://www.twitter.com/thiagorleao13/status/1561180221545512962,,,
1562260279110631425,@jessicamichels @CentralEleicoes Vai se ferrar idiota,https://www.twitter.com/ClovisH14/status/1562260279110631425,,,
1563856858955321345,@fabiofelixdf #Absurdo,https://www.twitter.com/AndreAn58704776/status/1563856858955321345,,,
1572232621932830721,"eu quero fazer hist√≥ria, quero eleger a primeira travesti preta de Pernambuco a de putada federal @RobeyonceLima voc√™ √© gigante 5Ô∏è‚É£0Ô∏è‚É£0Ô∏è‚É£0Ô∏è‚É£ eu sou por que voc√™ √©, voc√™ l√° e n√≥s de c√° nessa mandata preta e travesti ‚ù§Ô∏è",https://www.twitter.com/ruivadiaba4/status/1572232621932830721,,,
1574428675650379776,@bellagoncalvs Ciro √© uma vergonha! O maior narcisista que temos!,https://www.twitter.com/nataliasimoest/status/1574428675650379776,,,
1564565692426461185,@bellagoncalvs Voc√™s j√° est√£o com medo de um garoto ? Kkk bota pra fuder Nikolas nesses frouxos de araque kkkkk,https://www.twitter.com/LinsMaiza/status/1564565692426461185,,,
1567316181148647431,@fabiofelixdf √â isso a√≠ Ibanes coloca esse bozo no lugar dele kkk,https://www.twitter.com/Alessan52077983/status/1567316181148647431,,,
1564016961096654848,"@PabloAiresRN Vira mato n√©, in√∫til, devia nem gastar verba p√∫blica com essa merda",https://www.twitter.com/ScalonYuri/status/1564016961096654848,,,
1560381266217811973,"@bfeministapsol Kkk isso acredito que n√£o pode ser a primeira coisa que vc v√™ e j√° r√≥tula algu√©m,pence antes de falar estrupador",https://www.twitter.com/GustaveBRO/status/1560381266217811973,,,
1565864237502763013,@beatrizcaminha @JanjaLula T√° de sacanagem ??,https://www.twitter.com/CelioMachado16/status/1565864237502763013,,,
1566115850540781569,@fabiofelixdf vcs s√£o uma piada pronta . o desespero est√° a milh√£o kkkk kkkk chupa petezada,https://www.twitter.com/ValteirAlves3/status/1566115850540781569,,,
1564081766289350656,@Marilacerdapt Habla mesmo mami,https://www.twitter.com/danyshe_/status/1564081766289350656,,,
1564077434357616645,"@Izalourenca Se fosse eu j√° tinha tratorado era tudo...
Essa molecada maconheira do ESG √© chata pra baralho...",https://www.twitter.com/RodrigoAlveslll/status/1564077434357616645,,,
1565854829028704256,@beatrizcaminha boa noite! Desculpa a intromiss√£o! O que e bissexual?,https://www.twitter.com/Carlinhosreis/status/1565854829028704256,,,
1565831141638152194,@beatrizcaminha @JanjaLula Afff.vai assustar o c√£o,https://www.twitter.com/Amarild44913250/status/1565831141638152194,,,
1565083991031652352,@BennyBriolly Cabe recurso. Calma parasita.,https://www.twitter.com/wandersonazeved/status/1565083991031652352,,,
1569014832715767808,"@mariamarighella O MPT da Bahia, j√° instaurou um inqu√©rito para investigar a fascista, vulga socialite do agro. 
BOLSONARO √â RETROCESSO",https://www.twitter.com/eristonmattos/status/1569014832715767808,,,
1561716445633019904,@VaiPaolla @MST_Oficial Essa ra√ßa de Bolsonaro tem que ir tudo pra cadeia,https://www.twitter.com/ElzaSou36767280/status/1561716445633019904,,,
1566103832526000129,@fabiofelixdf Ei nove dedos! VTC mil X https://t.co/pQ14q4OUaE,https://www.twitter.com/EdneiaGoes1/status/1566103832526000129,,,
1566458749371486210,@beatrizcaminha @JanjaLula Kkk piada,https://www.twitter.com/Marcos72053413/status/1566458749371486210,,,
1562572219527471105,@bellagoncalvs S√≥ ficaram as antas,https://www.twitter.com/douglasmiguel86/status/1562572219527471105,,,
1576522191734128640,@ErikakHilton Droga vai te matar doida,https://www.twitter.com/wiltonetcj2/status/1576522191734128640,,,
1561862436914880517,@fabiofelixdf √â um canalha completo,https://www.twitter.com/cannabico__/status/1561862436914880517,,,
1573712171502026752,@AriadnaArantes Sabe da rixa malonhilton n√© kkk,https://www.twitter.com/veludomolhado/status/1573712171502026752,,,
1575939679266168832,@RobeyonceLima Nome feio do cabrunco kkkkk,https://www.twitter.com/Phdantas1013/status/1575939679266168832,,,
1574368898232762375,@mariamarighella @ttlandim @Hilton_Coelho @DepValmir @hamiltonpsol @tamaradopsol a braba tem nome!,https://www.twitter.com/boca_de_dende/status/1574368898232762375,,,
1573823913083142146,"@fabiofelixdf VCS MENTEM DESCARADAMENTE! Acho que quem odeia mulheres √© o seu √≠dolo Boulos, que as obrigam a pagar alugu√©is (inclusive com amea√ßas) nas invas√µes de propriedade alheia.",https://www.twitter.com/FlaviaCChaves/status/1573823913083142146,,,
1572704656564035586,"@vivireispsol Negra?acho que √±,porque se tu √© negra.te doido kkkkk",https://www.twitter.com/Leonard19782866/status/1572704656564035586,,,
1572417414809423872,@danimontpsol Kkkkkkk vai nada s√≥ louco para votar nesse lula molusco,https://www.twitter.com/Adriano41490365/status/1572417414809423872,,,
1560489314143838208,@danimontpsol Nunca prestou..safado,https://www.twitter.com/mrsisantos/status/1560489314143838208,,,
1569275107662512131,@RuthVenceremos @MST_Oficial üëèüèøüëèüèºüëèüèæüëèüèΩüíü,https://www.twitter.com/JooCarl48702308/status/1569275107662512131,,,
1574108192069619712,@RobeyonceLima @LulaOficial tamo com Rob porraaaa! ‚ù§Ô∏è‚ù§Ô∏è‚ù§Ô∏è‚ù§Ô∏è‚ù§Ô∏è‚ù§Ô∏è‚ù§Ô∏è,https://www.twitter.com/blackiswal/status/1574108192069619712,,,
1562968744845910021,@RobeyonceLima @pabllovittar @pabllovittar vem aqui amora! MIRA ESA MUJERRRRR!,https://www.twitter.com/QueFre/status/1562968744845910021,,,
1566126823246790661,"@fabiofelixdf Lixo , tudo drogado",https://www.twitter.com/Maurici68619073/status/1566126823246790661,,,
1563984256073867268,Gostosas com @vivireispsol 5000 üåà https://t.co/rZhDWYsfV1,https://www.twitter.com/raiana_siq/status/1563984256073867268,,,
1575089078772846593,@ErikakHilton Macho doente esse,https://www.twitter.com/SilvioPaulo48/status/1575089078772846593,,,
1572468770009976833,@AriadnaArantes Era s√≥ trocar pinto por tinjo.,https://www.twitter.com/marcio_albuq/status/1572468770009976833,,,
1576612028864950272,@RobeyonceLima vai ser eleita porra ‚ù§Ô∏è,https://www.twitter.com/julianalucena02/status/1576612028864950272,,,
1576646259808825344,@ErikakHilton Gata aceita üíÖüèº‚ú®üè≥Ô∏è‚Äçüåàüè≥Ô∏è‚Äç‚ößÔ∏è‚ù§Ô∏èü´¥üèº https://t.co/L93frPlvE4,https://www.twitter.com/matth_lemes/status/1576646259808825344,,,
1565809382616621056,@fabiofelixdf V√£o dizer que era meia d√∫zia de pessoas gritando kkkkkkkkkkkkkkkkk EI BOLSONARO VAI TOMAR NO CU,https://www.twitter.com/saookooo/status/1565809382616621056,,,
1567979648956481538,"@beatrizcaminha Por isso que me d√° uma raiva tremenda quando algu√©m vem com esse papo de ""ah,exterm√≠nio da popula√ß√£o negra"",mimimi...me poupe!!!!Eu sou NEG√ÉO,p...,n√£o coitadinho,nem vitiminha,nem escravinho!!!!Ah,e GOD SAVE THE QUEEN!!!!REST IN PEACE!!!!!!!!!!",https://www.twitter.com/xarope_bolado/status/1567979648956481538,,,
1575906335887351808,@ErikakHilton pastel pode ser tudo Erika kkkk,https://www.twitter.com/balmantx/status/1575906335887351808,,,
1574962396677881856,"@Izalourenca @Lorene_Psol Acho que esses caras do ""Novo"" s√£o um drone de macho burgu√™s metrossexual. Em todos os estados eles s√£o iguaizinhos. O mesmo babaquinha liberal conservador e canalha.",https://www.twitter.com/abrinquedoteca/status/1574962396677881856,,,
1574951221060050944,@Izalourenca o pestana falando pra deixar o telefone do pimentel com o zema üó£üó£üó£,https://www.twitter.com/kennedyx__/status/1574951221060050944,,,
1575682235511894017,@ErikakHilton @santahelena @mostardacomel,https://www.twitter.com/mmeerised/status/1575682235511894017,,,
1565829787582701581,"@beatrizcaminha @JanjaLula Futura sem terra vc quis dizer? ü§£ü§£ü§£ü§£ü§£ü§£ü§£ 
Mulher de ladr√£o vai pra onde ü§£ü§£ü§£ü§£ü§£",https://www.twitter.com/BeavesB/status/1565829787582701581,,,
1569674057305530376,"@ErikakHilton @jairbolsonaro Flopou demais, e olha o que tem de bozo ali nessa cidade n√£o √© brincadeira",https://www.twitter.com/canhota13lulaa/status/1569674057305530376,,,
1562974089912160256,@AriadnaArantes @LulaOficial E desde quando ladr√£o sai pra rua amig√£o ta de deboche s√≥ pode,https://www.twitter.com/glauberpg/status/1562974089912160256,,,
1576621452765597696,"Minhas av√≥s votaram numa travesti, carai! @RobeyonceLima ‚ù§Ô∏è‚Äçüî•",https://www.twitter.com/aquelasq/status/1576621452765597696,,,
1568004353348325378,@gabysantospdt puta merda hahahahhahaha,https://www.twitter.com/crudinho/status/1568004353348325378,,,
1568413037647855618,@BennyBriolly @LulaOficial Gada d+,https://www.twitter.com/DiasSamael/status/1568413037647855618,,,
1576551871686197248,"@ErikakHilton Ansioso * vc √© homem de piru, negacionista",https://www.twitter.com/DimPatriota/status/1576551871686197248,,,
1565845440758685698,@beatrizcaminha @JanjaLula Lindas,https://www.twitter.com/RugasdeConjeOR1/status/1565845440758685698,,,
1567321870696849409,@fabiofelixdf Estou vendendo len√ßo para as mulas kkkkkkkk,https://www.twitter.com/yleamsi/status/1567321870696849409,,,
1572197720076746753,"@Izalourenca @olucastiago IZA, n√£o me tenta, sou ariano, o ci√∫mes √© n√≠vel 5000 kkkk",https://www.twitter.com/Claudiophilla14/status/1572197720076746753,,,
1573691400616542208,@VaiPaolla S√≥ os gadinhos,https://www.twitter.com/Plinkilling/status/1573691400616542208,,,
1566119944785362944,@fabiofelixdf Kkkkkkkkkkkk avisa esse palha√ßo desse vocalista que o outro candidato da disputa √© de esquerda.,https://www.twitter.com/VitorTh_84/status/1566119944785362944,,,
1576645473632681987,"@ErikakHilton gata, vc j√° ganhou ‚ù§Ô∏è",https://www.twitter.com/fndolive/status/1576645473632681987,,,
1562611767016321025,@BennyBriolly @Renato83oficial üëèüëèüëèüëèüëèüëèüëèüëèüëèüëèüëèüëèüëèüëè,https://www.twitter.com/Jamin31064684/status/1562611767016321025,,,
1573361437812166656,Pra deputada estadual √© @VaiPaolla 13199 mulher negra lutadora lgbt https://t.co/9qauyTuLBQ,https://www.twitter.com/bamartinx/status/1573361437812166656,,,
1565451588373823490,@castelllovini vamoo simboraa,https://www.twitter.com/eidigarzin/status/1565451588373823490,,,
1563940971062198275,@PabloAiresRN Manda um pra c√° üòç,https://www.twitter.com/erodanairam/status/1563940971062198275,,,
1575717701875822593,@mariamarighella Precisa lavar aquela boca imunda para falar da nossa Bahia.,https://www.twitter.com/gracaazevedogal/status/1575717701875822593,,,
1574831698340188173,@Izalourenca Essa gente √© doente!,https://www.twitter.com/andreiadejesuus/status/1574831698340188173,,,
1567273886261075980,"@SomosTocantins Bananinha na cadeia
Bolsonaro chiliquento
Carluxo surtou 
Bolsonazi
Avi√£o com 39kg de cocaina
Cbozo preso
Dinheiro vivo
7 de setembro da vergonha
Juliete no museu do Ipiranga 
Gabriel Pensador
Lula presidente 13",https://www.twitter.com/pauloohg/status/1567273886261075980,,,
1572672394195767296,@AriadnaArantes @LulaOficial @geraldoalckmin Um saqueou o Brasil o outro as merenda das escolas de s√£o Paulo kkkkkkkkk cuidado hein anda de bijuterias e sem carteira e celular perto desses caras,https://www.twitter.com/glauberpg/status/1572672394195767296,,,
1571690439626948610,@RuthVenceremos Desgra√ßado,https://www.twitter.com/GaldinoMarla/status/1571690439626948610,,,
1575906389087903745,"@castelllovini Crist√£o n√£o bota em travesti, s√≥ sai escondido",https://www.twitter.com/L4maquin4/status/1575906389087903745,,,
1563860910476861440,@fabiofelixdf Bandidos!,https://www.twitter.com/HelosaGuedes3/status/1563860910476861440,,,
1567152519838588930,@RobeyonceLima Depugata!,https://www.twitter.com/ebamorim/status/1567152519838588930,,,
1565828976454557698,@beatrizcaminha @JanjaLula Kkkkkkkkkkk,https://www.twitter.com/Marlete24847792/status/1565828976454557698,,,
1573355050990288896,@beatrizcaminha BORA BIAAAAA,https://www.twitter.com/legiao_ls05/status/1573355050990288896,,,
1575919125238382592,@ErikakHilton que gata da porra,https://www.twitter.com/suilaneoliveira/status/1575919125238382592,,,
1570383674796916737,"ontem foi o dia kkk tava no bar com os migos e uma galera do @fabiofelixdf passou ‚≠êÔ∏è QUE MATERIAL DE CAMPANHA INCR√çVEL aaaa ta mt lindo e bem elaborado! tem pras gay, pros preto, pros legalize, pras gostosas, pra todo mundo ‚ù§Ô∏è",https://www.twitter.com/torradaecafe/status/1570383674796916737,,,
1561452378393640966,@RobeyonceLima @tocosono @ErikakHilton vai ter bancada preta travesti SIM!!  ‚≠ê‚ù§Ô∏è‚úäüèº,https://www.twitter.com/traplev/status/1561452378393640966,,,
1564379236017881089,@PabloAiresRN @MadSancosta Tu deve ser √© doido,https://www.twitter.com/JhonConce/status/1564379236017881089,,,
1573827042667380736,@ErikakHilton Precisa estudar geografia tamb√©m esse BOLSONARO CORRUPTO,https://www.twitter.com/doca_costa/status/1573827042667380736,,,
1575887047595696128,@ErikakHilton Vale preto de direita tamb√©m ou tem que ser de esquerda??? Hip√≥critas,https://www.twitter.com/Lootiano1/status/1575887047595696128,,,
1565773176671506433,@fabiofelixdf Ei bozorato vai tomar no uc,https://www.twitter.com/Maricot56597459/status/1565773176671506433,,,
1571935842846793731,@ErikakHilton Te adoruuu mana,https://www.twitter.com/RicardoPanthal1/status/1571935842846793731,,,
1562397634572308480,"@AriadnaArantes acho que √© fake, Ariadna",https://www.twitter.com/tuittafelipe/status/1562397634572308480,,,
1561866188979838976,"@fabiofelixdf O Ibaneis agora: ü§°
Canalhas demais aff",https://www.twitter.com/_vgomes_/status/1561866188979838976,,,
1572240304748789760,@VaiPaolla @skkalnari Claro querida,https://www.twitter.com/renanmerda/status/1572240304748789760,,,
1566114592668909570,"@fabiofelixdf R$600, para essa palha√ßada dos maconheiros?Eu mando o PT tomar nu cu de gra√ßa!Tinha mesmo que ser o Sepultura.S√£o burros drogados. Venham ao 7/9 ,duvido esses mulecotes aparecerem.Como idolatrar algu√©m que te roubou?
S√≥ drogado mesmo.Jumentos",https://www.twitter.com/boquimpa1/status/1566114592668909570,,,
1565092546388320262,@Izalourenca Ahhahahhhha que doidona mane,https://www.twitter.com/williamsrn____/status/1565092546388320262,,,
1565842074552999936,@beatrizcaminha @JanjaLula VAI NAO KKKK,https://www.twitter.com/Nani_Azevedo/status/1565842074552999936,,,
1564263719714144257,@ErikakHilton @ManuelaDavila Que idiota!,https://www.twitter.com/peacemaker2407/status/1564263719714144257,,,
1575536496656134145,@Izalourenca BH √© um reduto bozoloide‚Ä¶ t√° foda,https://www.twitter.com/Alexandrafrei15/status/1575536496656134145,,,
1565857609063796737,"@beatrizcaminha @JanjaLula T√° doida?
Comeu coc√¥??",https://www.twitter.com/edinaldomelo10/status/1565857609063796737,,,
1564110466544291843,@PabloAiresRN se fizesse um desse com maconha eu botava,https://www.twitter.com/hahahamandaa/status/1564110466544291843,,,
1561887375835422721,@beatrizcaminha Vcs s√≥ vive de Bolsonaro eu hiem,https://www.twitter.com/NeuzeaneBorges/status/1561887375835422721,,,
1575275491518455811,@vivireispsol @mairacordeiiro GRANDONA! Minha deputada!,https://www.twitter.com/matthuca_/status/1575275491518455811,,,
1575817770767650818,@castelllovini gata o tombo vai ser grande,https://www.twitter.com/dalesofio/status/1575817770767650818,,,
1576440838971744256,"@ErikakHilton N√£o toca no nome da Tay Tay pra tentar convencer algu√©m a votar nesse lixo n√£o, sua esc√≥ria",https://www.twitter.com/Gelado1N/status/1576440838971744256,,,
1576300558402482176,"Bora de Vivi 5000 ‚ù§Ô∏è

@vivireispsol",https://www.twitter.com/hellcat_2/status/1576300558402482176,,,
1573696645493055489,@VaiPaolla Da uma olhada no espelho antes de falar em patetico e cafona!! Kkkkkkkkkkk,https://www.twitter.com/BolsoET/status/1573696645493055489,,,
1575929906369728512,@bellagoncalvs t√¥ vendo essas marmotas aqui em BH...,https://www.twitter.com/wesvieirah/status/1575929906369728512,,,
1562641232332877826,@BennyBriolly KKKKKKKKKKKKKKKKKKKKKKKKKKKKKKKKKKKKKKKKKKKKKKKKKKKKKKKKKKKKKKKKKKKKKKK,https://www.twitter.com/M6_moura/status/1562641232332877826,,,
1572002612249083907,"@jessicamichels @GSeerig Airfryer e basicamente um forno a vapor
√â um baita m√£o na roda",https://www.twitter.com/Leandro93904130/status/1572002612249083907,,,
1569057320306368514,@RuthVenceremos @MST_Oficial Essa √© minha candidata √† deputada federal. @RuthVenceremos 1361,https://www.twitter.com/HetariaX/status/1569057320306368514,,,
1562548932974383105,@BennyBriolly Esgoto.....vc tem um parque de divers√£o na frente √© incentiva a brincar no seu esgoto...tendi nada,https://www.twitter.com/ricardo_solano/status/1562548932974383105,,,
1564066669177327616,"@Marilacerdapt Pq o PT n√£o lan√ßou a Luizianne hein? O PDT fez bem em chutar vcs, moralistas de goela igual ao bolsonaristas.",https://www.twitter.com/FelipePolones/status/1564066669177327616,,,
1567544120326905857,"@dudahidalgo13 Pessoas bostas de esp√≠rito descontra√ß√£o,  n√£o sabe diferenciar uma brincadeira !
Sedentas pelo politicamente correto,  desconstr√≥i  as falas importantes,  para potencializar suas ideias nojenta!!",https://www.twitter.com/magno07fla/status/1567544120326905857,,,
1572140687625175045,"@gabysantospdt Ele t√° com a mesma s√≠ndrome do Cyro pelo Lula, dor de cotovelo kkkk",https://www.twitter.com/TicaTicabvieira/status/1572140687625175045,,,
1567557877836947458,@BennyBriolly S√≥ aberra√ß√£o KKKKK,https://www.twitter.com/johnjbdl/status/1567557877836947458,,,
1575703917211549696,"@mariamarighella Breve esse tormento acaba, minha deputada ‚úäüèæ",https://www.twitter.com/oeliziario/status/1575703917211549696,,,
1565810845694787584,@fabiofelixdf Vai toma co nu?,https://www.twitter.com/saliencio/status/1565810845694787584,,,
1566124825331916801,@fabiofelixdf Kkk agora vou de Bolsonaro s√≥ pra n√£o ter que ouvir essa bosta de m√∫sica üòÇüòÇüòÇü§óü§óü§™,https://www.twitter.com/Rosapinto1972/status/1566124825331916801,,,
1571268744994865154,@Izalourenca E ainda trata a coisa de uma forma egoc√™ntrica e identitaria que s√≥ refor√ßa a l√≥gica do capitalismo.,https://www.twitter.com/shintakens/status/1571268744994865154,,,
1576282451554729984,"Passeata da Fl√°via arruda aqui junto com Bolsonaro‚Ä¶. Mano vou conseguir votar nessa filha da puta n√£o , que √≥dio e nem na damares seja o que Deus quiser t√¥ com a @RuthVenceremos",https://www.twitter.com/dranatyonce/status/1576282451554729984,,,
1573744814578962434,@VaiPaolla Fascista teu cool,https://www.twitter.com/leoalmeidafsa/status/1573744814578962434,,,
1572252079787479040,@ErikakHilton Mi-mi-mi choraaaaa petralhada,https://www.twitter.com/Luke38b/status/1572252079787479040,,,
1573812569353207809,@ErikakHilton @benozzatiarthur Quero votar em uma trans pra estadual do meu estado. HELP,https://www.twitter.com/RainhadosRaios1/status/1573812569353207809,,,
1574362842219925505,@dudahidalgo13 Logo logo junta os dois numa uni√£o gostosinha,https://www.twitter.com/df_porto/status/1574362842219925505,,,
1566141231893254145,@fabiofelixdf foi ao contrario temos o video todo  de manaus  quer ver de novo  seuspetistas mentirosos  bando de canalhas  lula ladr√£o mentiroso e beberr√£o,https://www.twitter.com/Coelho9Nice/status/1566141231893254145,,,
1568018360260251648,"@gabysantospdt Pra cima deles, Gabi.",https://www.twitter.com/bruno_ozuna/status/1568018360260251648,,,
1562577001927417857,@bellagoncalvs Um cheiro de merda mesmo....,https://www.twitter.com/marcohamdan/status/1562577001927417857,,,
1561125354378502145,"Durante o ano de 2021, o @SomosTocantins esteve na organiza√ß√£o e presente em TODOS os atos #ForaBolsonaro. Estivemos ao lado e na tribuna da Assembleia com quem estava defendendo o Jalap√£o da privatiza√ß√£o.",https://www.twitter.com/rafaelalobato/status/1561125354378502145,,,
1573702463156359168,@VaiPaolla V√° se internar !!! V√° pra Cuba !!#BolsonaroNoPrimeiroTurno22 Recebaaaaa PTzada !!,https://www.twitter.com/srmsobral/status/1573702463156359168,,,
1575102696767442946,@SomosTocantins @KatiaAbreu A bunita plantou eucalipto na metade do JALAP√ÉO t√° doido √©?,https://www.twitter.com/aLeoa_do_Norte/status/1575102696767442946,,,
1566932045028278278,@dudahidalgo13 Pedalada na orelha dela!,https://www.twitter.com/fiscaldafederal/status/1566932045028278278,,,
1576321498599796737,@RuthVenceremos E voc√™ deputada federal!!!,https://www.twitter.com/rogerioalvs/status/1576321498599796737,,,
1574054283854561281,@VaiPaolla Kkkkkk  a diferen√ßa que o bozo faz. Democracia com. Povo diferente do ladr√£o que n√£o sai nas ruas e foge do debate,https://www.twitter.com/bildesucesso/status/1574054283854561281,,,
1564085270970073089,@AriadnaArantes Foi trocar a fralda que devia t√° cheia kkkk,https://www.twitter.com/Karina_Santos88/status/1564085270970073089,,,
1562619618287443968,"@Izalourenca Aqui √© a terra onde mulher gosta de estuprador, preto gosta de chicote, pobre apaixona com rico e por a√≠ vai..",https://www.twitter.com/Francis77344447/status/1562619618287443968,,,
1572534794747269121,@Marilacerdapt @tesaosel kd o bix√£o,https://www.twitter.com/ritalica_/status/1572534794747269121,,,
1565868817905078274,@ErikakHilton FAKE NEWS..PARA DE FAZER MASSA DE MANOBRA COM OS SEUS FANTOCHES ESQUERDISTAS,https://www.twitter.com/RenatoGazza1966/status/1565868817905078274,,,
1562466874147090439,@mariamarighella Vaaamos,https://www.twitter.com/oigormag/status/1562466874147090439,,,
1573745898584264704,@VaiPaolla V√° pro inferno... Ganha 30 mil pra n√£o fazer nada.,https://www.twitter.com/LuizJun02015312/status/1573745898584264704,,,
1565827041861279745,@beatrizcaminha @sorayabborges @JanjaLula Que mo√ßas bonitas üòç,https://www.twitter.com/toalhadolulaa/status/1565827041861279745,,,
1574945643621421056,"@Izalourenca @Lorene_Psol @RomeuZema, vai fazer outra coisa da vida, que ser gente c√™ n√£o t√° servindo",https://www.twitter.com/gusta_fiorini/status/1574945643621421056,,,
1566116378058407936,@fabiofelixdf Ei idiotas vai ........se lascar.,https://www.twitter.com/smariza59/status/1566116378058407936,,,
1575150482271649796,@RuthVenceremos Quero ver a gata dos Organicos botando essa galera agrotoxica pra longe,https://www.twitter.com/maconblogueira/status/1575150482271649796,,,
1575624656760975360,@BennyBriolly Nojo!!!,https://www.twitter.com/Matheus16060645/status/1575624656760975360,,,
1565549386796605442,@vivireispsol @LulaOficial @ricardostuckert Kkkkkkk ora 50 mil pqp.kkkkk,https://www.twitter.com/Leonard19782866/status/1565549386796605442,,,
1565858226511527936,@beatrizcaminha @JanjaLula Ela n√£o vai n√£o!! Ela n√£o vai n√£o.,https://www.twitter.com/SuelioMorais/status/1565858226511527936,,,
1564081766239027201,@AriadnaArantes @LulaOficial kkkkkkkkkkkkkkkkkkkkkkkkkkkkkkkkkkkkkkkkkkkkkkkkkkkkkkkkkkkkkkkkkkkkkkkkkkkkkkk(estude),https://www.twitter.com/bebecosilva/status/1564081766239027201,,,
1570853718077362176,@Izalourenca Zema n√£o!,https://www.twitter.com/_miclupus/status/1570853718077362176,,,
1567979309666828288,"@beatrizcaminha ...a tia foi uma das maiores psic√≥logas da cidade onde eu moro,a cidade inteira conhecia ela,ela era querida na cidade inteira...e tudo isso sem essa p... de mimimi de ""racismo estrutural""...boa parte dos pretos que morrem s√£o bandidos que morrem na m√£o de outros pretos bandidos",https://www.twitter.com/xarope_bolado/status/1567979309666828288,,,
1565836846818639876,@beatrizcaminha @JanjaLula Como o Brasil vai cair o n√≠vel de 1 dama se o cachaceiro ganhar.,https://www.twitter.com/DrEstranhoneto/status/1565836846818639876,,,
1562567325957513217,@bellagoncalvs Kkkkkkkk fora bozo Minas √© Lula  kalil,https://www.twitter.com/evymoreira6/status/1562567325957513217,,,
1561201630585962497,@ErikakHilton @Cortez50005 Sai fora amigo. Se cuida da variola dos macacos que e melhor .,https://www.twitter.com/EsgotoLula/status/1561201630585962497,,,
1562800031039496193,@bfeministapsol Kkkkkk vai dizer isso na NICAR√ÅGUA!!!,https://www.twitter.com/Nell36241307/status/1562800031039496193,,,
1572883636126453760,@ErikakHilton @cirogomes Ela s√≥ se encomoda quando Ciro fala a verdade mais quando o lula mando o cara ir bate em uma mulher em outro canto ou quando o s√£o lula falo que liga de mulhe √© na cozinha eu n√£o vi a feminista vim aqui fala s√≥ uma palavra hip√≥critas,https://www.twitter.com/caiofelipefl/status/1572883636126453760,,,
1566134883541565442,@fabiofelixdf Banda de merda !,https://www.twitter.com/anderso08486884/status/1566134883541565442,,,
1566107472967995392,"@fabiofelixdf So troxa ISTO e a juventude birroleira merece ser robada denovo..
Ter seu dinheiro ir para paises de merda e aqui tendo que Pagar o que foi roubado..
O Burrileiro merece",https://www.twitter.com/davidro17120359/status/1566107472967995392,,,
1573697932339122177,"@VaiPaolla Ui, ela √© refinada",https://www.twitter.com/ClippersManaus/status/1573697932339122177,,,
1572847704363118592,"@ErikakHilton @cirogomes PARABENS POR APOIAR MORTE DE CRIAN√áA NO VENTRE , UM MAU QUE ..................EXQUECE KKKKKKKKKKK",https://www.twitter.com/geracao_nuttela/status/1572847704363118592,,,
1568011877091004416,@gabysantospdt @Elianad28019294 Meu Deus!!!!! Como assim????,https://www.twitter.com/AnaCrisCosta2/status/1568011877091004416,,,
1559939073548206087,@VaiPaolla @LulaOficial Para de usa droga. Vcs est√£o cada vez mais tapados e burros.,https://www.twitter.com/RAnBTT/status/1559939073548206087,,,
1573683365286477825,"@VaiPaolla Carona??
J√° se olhou no espelho bebe?!",https://www.twitter.com/SSecco/status/1573683365286477825,,,
1564066114514067456,@fabiofelixdf Total! Mas pelo menos do jeito dela lan√ßou a (in) direta pro genocida de que ele amansa quando fala com homem e semore ataca as mulheres.,https://www.twitter.com/FaWilka/status/1564066114514067456,,,
1566754752532287489,@AriadnaArantes Acho que √© ele kkkkkk,https://www.twitter.com/felipedelfs/status/1566754752532287489,,,
1561023164825706497,"@danimontpsol Ladr√£o de ""CELULAR """" üòÇüòÇüòÇüòÇüòÇ, √© s√≥ pra tomar uma CERVEJINHA"" üòÇüòÇüòÇüòÇüòÇüòÇüòÇ",https://www.twitter.com/Washing41753473/status/1561023164825706497,,,
1575892461624254467,@castelllovini Fascistas n√£o passar√£o!!!,https://www.twitter.com/alexfig2/status/1575892461624254467,,,
1562517733388222464,"@BennyBriolly Bem feito, ngm mandou fazer punhetao coletivo com crian√ßa, esse cara eh doente!",https://www.twitter.com/FucioLucio/status/1562517733388222464,,,
1565796394593665026,@fabiofelixdf HAHAHAHAHAHAHAHAHAHAHAHAHAHAHAHAHAHAHAHAH Que grande bosta,https://www.twitter.com/Rodrigo92070067/status/1565796394593665026,,,
1571205578176733187,"@jessicamichels N√£o pode entrar, n√©
Depois que t√° dentro √© outra hist√≥ria kkk",https://www.twitter.com/usernandinho/status/1571205578176733187,,,
1573700774890184705,@VaiPaolla Chora kkkk,https://www.twitter.com/pnda0302778/status/1573700774890184705,,,
1575596870994251777,"@dudahidalgo13 O cara que tomou um block da menina ""feia"".",https://www.twitter.com/Sergio_Susuki/status/1575596870994251777,,,
1572262411091992577,@BennyBriolly BORA BENNY!!!,https://www.twitter.com/Matheus16060645/status/1572262411091992577,,,
1562025179265617920,"@vivireispsol @crisvector Eu tamb√©m n√£o ouvir nada de panela√ßo. Eu ouvi foram aplausos a cada derrubada de narrativa.

Jornaleco de merda. Que faz campanha pra ladr√£o. Mais saiba que quinta-feira vou ficar de olho na baba√ß√£o de ovo para com o bandido de voc√™s.",https://www.twitter.com/Nildochopp/status/1562025179265617920,,,
1571272188497477633,"@Izalourenca aquilo n√£o foi pq ela ela lavava a cal√ßada mesmo! aquilo foi um absurdo de viol√™ncia gratuita pra cima de uma mulher, o cara estava desequilibrado!",https://www.twitter.com/ElaineSeeds/status/1571272188497477633,,,
1563918073551282177,@PabloAiresRN kkkkkkkkkkkkkkkkkk a co√© mandou mto,https://www.twitter.com/anedissx/status/1563918073551282177,,,
1573819256495562752,@fabiofelixdf esse fascista precisa √© ir pra cadeia!!,https://www.twitter.com/gui__marto/status/1573819256495562752,,,
1574730954060533760,@AriadnaArantes @LulaOficial Gata! ‚ù§Ô∏è‚≠ê,https://www.twitter.com/LariuDayana/status/1574730954060533760,,,
1565436979155804162,@BennyBriolly Tudo isso de p√≥ debaixo do nariz da famiglia,https://www.twitter.com/fapeixote/status/1565436979155804162,,,
1568008335512973313,"@gabysantospdt @monicabolsasr Indentitarismo de goela ainda jogaram PSOL no esgoto que antes disso ja tava recebendo grana pra desatrelar o indentitarismo da ideia de desenvolvimento nascional s√≥ ver os militantes queimando bandeira do pa√≠s, discurso pronto pra Direita",https://www.twitter.com/Anthony05763829/status/1568008335512973313,,,
1574946206865772545,"@danimontpsol Mas Freixo tamb√©m, farinha do mesmo saco.",https://www.twitter.com/MelloMoralles/status/1574946206865772545,,,
1571456325241954306,@VaiPaolla Colinha üòâ,https://www.twitter.com/heloisacavaleri/status/1571456325241954306,,,
1562276600930082816,@jessicamichels @CentralEleicoes SC s√≥ chegou onde t√° hoje por n√£o dar espa√ßo a gente tosca como a senhora,https://www.twitter.com/Ridehope1/status/1562276600930082816,,,
1574847490079301632,@vivireispsol Com certeza!!! Aqui em ksa o nosso voto ser√° em vc‚Ä¶ Vivi 5000 üíï,https://www.twitter.com/Pattyuchoa/status/1574847490079301632,,,
1562119126981742593,@BennyBriolly Todo esquerdinha √© perseguido........ Impressionante o padr√£o......kkkkkk,https://www.twitter.com/mercadoaluizio/status/1562119126981742593,,,
1574065219806052352,"@ErikakHilton burro, lixo in√∫til",https://www.twitter.com/888mrioss/status/1574065219806052352,,,
1561346220961955848,@bellagoncalvs √â Bella e Lula! ‚ù§,https://www.twitter.com/RiccioFelipe/status/1561346220961955848,,,
1565834043098292230,@beatrizcaminha @JanjaLula KKKKKKKKKKKKKKKKKKKKKKKKKKKKKKKKKKKKKKKKKKKKKKKKKKKKKKKKKKKKKKKKKKKKKKKKKKKKKKKKKKKKKKKKKKKKKKKKKKKKK PERAI KKKKKKKKKKKKKKKKKKKKKKKKKKKKKKKKKKKKKKKKKKKKKKKKKKKKKKKKKKKKKKKKKKKK OPS HAHAHAHAHAHAHAHAHAHAHAHAHAHAHAHAHAHAHAHAHAHAHAHAAHHAHAHAHHAHA √â SERIO KKKKKKKKKKKKKKKKKKKKKKK,https://www.twitter.com/Manfred42793143/status/1565834043098292230,,,
1560627219990396928,@vivireispsol Maldade n√£o tem limites!! Cambada de gente ruimü§¨ü§¨,https://www.twitter.com/luisabecken/status/1560627219990396928,,,
1573773691900624900,@VaiPaolla Vaza petista lixo,https://www.twitter.com/malicka82/status/1573773691900624900,,,
1575885071713767425,@castelllovini que absurdo!,https://www.twitter.com/luluvstheworld/status/1575885071713767425,,,
1573516508352987137,"@Izalourenca Psol??

Kkkkkkkkkkkkkkkkkk

Toma vergonha na sua cara",https://www.twitter.com/Ivan49Mourao/status/1573516508352987137,,,
1573141624703549441,"@Izalourenca Zema n√£o ... fam√≠lia n√£o... seguran√ßa n√£o ...
vadiagem simmm... v√° se catar",https://www.twitter.com/brasil_unidos22/status/1573141624703549441,,,
1565842020387770375,@beatrizcaminha @JanjaLula Kkkkkkkk ela tamb√©m vai casar com o Bolsonaro?,https://www.twitter.com/AntonioGouvea3/status/1565842020387770375,,,
1567968424223207424,@dudahidalgo13 nojo desse homem,https://www.twitter.com/junioracc_/status/1567968424223207424,,,
1573811999783411719,@ErikakHilton @tesoureiros √â um idiota,https://www.twitter.com/AndersonPerez79/status/1573811999783411719,,,
1573503826740527133,@Izalourenca @WaldenirXavier Zema n√£o,https://www.twitter.com/eu_sou_o_outro/status/1573503826740527133,,,
1566089520772222976,"E a√≠ meu povo e ‚Äúminha povas‚Äù?!
Quem j√° √© SOMOS? A√≠?!
Quem n√£o for ainda d√° tempo 
@SomosTocantins SOMOS",https://www.twitter.com/GinaGeipel/status/1566089520772222976,,,
1572982246050779138,@dudahidalgo13 kkkkkk... Inacredit√°vel um neg√≥cio desses. Esse √© um paraquedista...,https://www.twitter.com/Detlef_2025/status/1572982246050779138,,,
1574967099159900160,@Izalourenca √â  um seboso.,https://www.twitter.com/SandraS31895103/status/1574967099159900160,,,
1575664577408249856,@ErikakHilton Gente t√£o canalha...,https://www.twitter.com/liliansta/status/1575664577408249856,,,
1566483908652408834,@fabiofelixdf √â amiguinho do lula ladrao esse covarde do Barroso,https://www.twitter.com/MarliCella/status/1566483908652408834,,,
1564063427332657154,@fabiofelixdf T√° querendo falar grosso !! Kkkk mas t√° mais perdida que tudo !!,https://www.twitter.com/andremaronga1/status/1564063427332657154,,,
1573694522227163136,@VaiPaolla Bonito √© votar em um ladrao n√©!?,https://www.twitter.com/CaioPatara/status/1573694522227163136,,,
1573817422074740737,"@ErikakHilton BOLSONARO CORRUPTO

VARA CURTA",https://www.twitter.com/wapcavazzani/status/1573817422074740737,,,
1565813719908614147,@fabiofelixdf Abalou GERAL..,https://www.twitter.com/IaldoJ/status/1565813719908614147,,,
1573586084063285248,"@Izalourenca Boa, velhota. Mame mais bandidos.",https://www.twitter.com/shelbypalmeiras/status/1573586084063285248,,,
1565866711525597184,"@beatrizcaminha @JanjaLula Est√£o indo fazer macumba?
üî•üíÄüëπüî•üë∫",https://www.twitter.com/P_Luciano_/status/1565866711525597184,,,
1575663655202398208,@ErikakHilton Amiga nem padre ele √© kkkk,https://www.twitter.com/ProletarioLacra/status/1575663655202398208,,,
1574940918599516160,"@danimontpsol Freixo precisa atacar,ta so tomando soco e ficando calando 0 indigna√ß√£o ai to quase indo la gritar acorda bichaaaaa",https://www.twitter.com/euraibolt/status/1574940918599516160,,,
1575922971499282434,@ErikakHilton Linda comendo pastel,https://www.twitter.com/m4tinnoo/status/1575922971499282434,,,
1567334895550140418,@fabiofelixdf Ain fascista üòÇ,https://www.twitter.com/brenolemos8/status/1567334895550140418,,,
1576627487215583234,@RobeyonceLima @bessoninho @unicornbrito21 votei em voc√™ tbm ‚ù§Ô∏è‚ù§Ô∏è‚ù§Ô∏è‚ù§Ô∏è,https://www.twitter.com/FilhoteDoHermes/status/1576627487215583234,,,
1560585715875860482,@castelllovini Que del√≠ciaaaaaaa de jingle,https://www.twitter.com/sereiadogera/status/1560585715875860482,,,
1562052270086406144,@ErikakHilton habla mesmo linda,https://www.twitter.com/nicxlinha/status/1562052270086406144,,,
1564573665064325120,"@bellagoncalvs Voc√™ n√£o passa de mais um monte de merda boiando no esgoto vermelho. 
Como todo o resto da esc√≥ria pol√≠tica imunda vermelha vive de mentira e lacra√ß√£o. 
√â o lixo cavando seus 5 minutos de holofote. 
J√° nasce carrapato sugando as bolas do CARNI√áA da Silva. https://t.co/STGLJB0Nl0",https://www.twitter.com/pauquenasce/status/1564573665064325120,,,
1572564401017982983,"@ErikakHilton Deixe de ser rid√≠cula e canalha, ele n√£o insinuou isso, palha√ßa.
Vai aprender a interpretar texto e para de falar m...",https://www.twitter.com/calamitalu/status/1572564401017982983,,,
1573277650390552577,@dudahidalgo13 @GuilhermeBoulos @marciofrancasp @Haddad_Fernando @LulaOficial estamos juntas!!! https://t.co/9pQJMGyR5s,https://www.twitter.com/httpgivs/status/1573277650390552577,,,
1575138020805722112,@BennyBriolly Bora benny!!!,https://www.twitter.com/maisa_mensenga/status/1575138020805722112,,,
1566967102124265474,@AriadnaArantes @geraldoalckmin At√© parece e6uma iludida mesmo kkkk,https://www.twitter.com/23Rosangela/status/1566967102124265474,,,
1565843906574651393,@beatrizcaminha @JanjaLula Vai sonhando fiaü§£ü§£ü§£ü§£ü§£,https://www.twitter.com/FabricioWander3/status/1565843906574651393,,,
1572817638790729728,@dudahidalgo13 Que absurdo! Que sujeito bo√ßal!,https://www.twitter.com/Marcelo_Libre/status/1572817638790729728,,,
1566129098707111937,@fabiofelixdf Drogados vagabundos feladaputas sempre ser√£o f√£s do ladr√£o e contra Bolsonaro! Gra√ßas a Deus! V√£o lavar essa cara feladapuats,https://www.twitter.com/b22_ed/status/1566129098707111937,,,
1575626638553157632,@BennyBriolly Isso ai minha deputrava!!!,https://www.twitter.com/Joyce52366527/status/1575626638553157632,,,
1575210167360102400,@gabysantospdt @fuckinmadhatter Deve ser o pessoal do Bozo que manda propina dentro de pneus.,https://www.twitter.com/luciano_lub/status/1575210167360102400,,,
1562586646310440960,@bellagoncalvs Vcs s√£o doentes s√≥ pode kkkk vai ser Bolsonaro no primeiro turno ...,https://www.twitter.com/Wendell57643391/status/1562586646310440960,,,
1566111682442760192,@fabiofelixdf Continuam fumando or√©gano estragado.,https://www.twitter.com/AndrAra72315918/status/1566111682442760192,,,
1573334200966680576,@Izalourenca React de fake news e no final o Ratinho saiu lulista!,https://www.twitter.com/Brendamarxx/status/1573334200966680576,,,
1574794232233074689,"@fabiofelixdf Como se propaga o √≥dio.
O velhinho que est√° almo√ßando ao meu lado √© chamado pelo gar√ßon.
_ E a√≠ Bolsonarista, o que vai dar? 
_ Vai dar segundo turno.(VELHINHO)
_ Ganha quem tiver a carta na manga (GARSON)
_ A√≠ um doido d√° um tiro na cabe√ßa dele e resolve. (VELHINHO)",https://www.twitter.com/virginiob/status/1574794232233074689,,,
1571125925751980033,Inclusive sigam @mariamarighella nas redes sociais pq a mulher √© braba!! 1Ô∏è‚É£3Ô∏è‚É£3Ô∏è‚É£1Ô∏è‚É£ https://t.co/disrA6Duxq,https://www.twitter.com/sapagospel/status/1571125925751980033,,,
1572038089110917121,@ErikakHilton Gostaria saber quantos idiota voto ser desse,https://www.twitter.com/Leandro45100/status/1572038089110917121,,,
1572135067245232129,"@gabysantospdt @Sen_Cristovam Ent√£o ele t√° igual ao Cyro, n√£o ganha a presid√™ncia nem pra s√≠ndico kkkkk",https://www.twitter.com/TicaTicabvieira/status/1572135067245232129,,,
1565862326460456962,"@beatrizcaminha @JanjaLula N√£o √© a Michele,kkk te enganou,kkkkk",https://www.twitter.com/aimagemdorei1/status/1565862326460456962,,,
1573129940521844737,@Izalourenca Zema sim,https://www.twitter.com/CoeLeonardo/status/1573129940521844737,,,
1576358017670737921,@castelllovini vamo vinii‚ù§Ô∏è‚ù§Ô∏è,https://www.twitter.com/brucamposcc/status/1576358017670737921,,,
1564063856502226949,@AriadnaArantes @jairbolsonaro O debate √© DELAS! ‚ù§Ô∏èüëè,https://www.twitter.com/HughFernandezSP/status/1564063856502226949,,,
1565815693026775041,@fabiofelixdf Sem leizinha voc√™s fica desorientada atirando boata em todo lado em ü§£ü§£ü§£ü§£,https://www.twitter.com/semtezes/status/1565815693026775041,,,
1571551320141856769,"@BennyBriolly A ALERJ vai ser tua para ser nossa, minha irm√£! ‚úäüèΩ",https://www.twitter.com/ArielaTravesti/status/1571551320141856769,,,
1565857625169956864,"@beatrizcaminha @JanjaLula Existe uma ilha chamada Brasil, porque em nosso pa√≠s, j√° dis a velha do zap. ( ELA NAO VAI NAO ) KKKK",https://www.twitter.com/AvesJardim/status/1565857625169956864,,,
1563941173470830592,"@PabloAiresRN Kkkkkkkkkk!
Que maneiro!",https://www.twitter.com/RInvestigacoes/status/1563941173470830592,,,
1576595442749829120,@vivireispsol Lacrolandia tu vai ser DEMITIDA hoje! D√°-lhe Capit√£o! https://t.co/gDLLiZzLOU,https://www.twitter.com/pastorcarvalho_/status/1576595442749829120,,,
1574941849630179328,@danimontpsol Hip√≥critas,https://www.twitter.com/MariaCarvalhoA7/status/1574941849630179328,,,
1571604208499019780,"Bora @Marilacerdapt
#GostosasComMari https://t.co/8yaLohTpnv",https://www.twitter.com/fefarias_santos/status/1571604208499019780,,,
1569483147951378433,E eleger quem vai ajudar a desfazer as reformas e defender as nossas agendas inegoci√°veis. Minha federal √© a rocheda @mariamarighella ‚ù§Ô∏è,https://www.twitter.com/manucaferreira/status/1569483147951378433,,,
1573795352246980609,@ErikakHilton @tesoureiros BOLSONARO CORRUPTO,https://www.twitter.com/9311e45a37a248a/status/1573795352246980609,,,
1570772790185447424,@ErikakHilton Kd a primeira dama para se encandalizar??? O sujeita √© casada com o pr√≥prio üòà e vem pagar de santa do pau ocoüî•üî•üî•üî•üî•üî•,https://www.twitter.com/fabybcg22/status/1570772790185447424,,,
1572880857542664192,@ErikakHilton @cirogomes Foi essa falsa esquerda elitista que elegeu Bolsonaro.,https://www.twitter.com/Celsoomjp/status/1572880857542664192,,,
1562394757258682368,"@AriadnaArantes pq quase toda not√≠cia de ""fontes"" na coreia do norte s√£o s√≥ propaganda, ariadna",https://www.twitter.com/wxIesca/status/1562394757258682368,,,
1564060717434691588,@AriadnaArantes N√£o t√£o expondo o Bozo como deveriam,https://www.twitter.com/jonevez/status/1564060717434691588,,,
1565097585978867712,"@ErikakHilton @SF_Moro @jairbolsonaro Hahahahaha √© um babaca mesmo. T√° doido por um foro privilegiado, mas n√£o ganha nem pra s√≠ndico. Ser√° preso junto com seu comparsa",https://www.twitter.com/Lanersn/status/1565097585978867712,,,
1573687920703291395,"@VaiPaolla Pq n√£o defende seu canditado com propostas?Pq ficar ofendendo brasileiros dessa maneira?
A pessoa odiosa aqui √© vc.",https://www.twitter.com/Ana_LuArruda/status/1573687920703291395,,,
1575896960740925440,@castelllovini @saaanttinoo ‚ÄúNossa f√© est√° em jogo‚Äù eu tenho um √≥dio terr√≠vel de quem usa a f√© pra manipular as pessoas,https://www.twitter.com/CleiRibeiros/status/1575896960740925440,,,
1575516546646310912,@AriadnaArantes @LulaOficial Quem √©?,https://www.twitter.com/Fernand33469730/status/1575516546646310912,,,
1576114215173382144,@ErikakHilton Esse lixo vai sair Bolsonaro flavio Eduardo Carlos fam√≠lia de mentiroso thau,https://www.twitter.com/Jailson99357776/status/1576114215173382144,,,
1564043303158534144,@SomosTocantins Ele ficou at√© tremendo com o poder do gog√≥ dela,https://www.twitter.com/mendesivantjr/status/1564043303158534144,,,
1571291529821421569,@Izalourenca Quero ver esse escroto ir reclamar da rega nos campos de golfe,https://www.twitter.com/CivilizadorO/status/1571291529821421569,,,
1569851506794582016,Meu compromisso com @bellagoncalvs pra deputada Estadual em seu voto? Tem algo errado a√≠‚Ä¶ü§î,https://www.twitter.com/politico_br/status/1569851506794582016,,,
1565824975327690752,@beatrizcaminha @JanjaLula T√° amarrado,https://www.twitter.com/DeniseGouva3/status/1565824975327690752,,,
1576284797105672197,Que energia gostosa a carreata de @mariamarighella passando aqui na janela ‚ù§Ô∏èü•∞,https://www.twitter.com/arizinhasouza/status/1576284797105672197,,,
1575684297486258176,@ErikakHilton Esse padre me d√° √© agonia maluco viajado,https://www.twitter.com/Sohruhh/status/1575684297486258176,,,
1571551568088141824,"@ErikakHilton @LontraDaBahia @LulaOficial Se veste igual al amigo da Bolivia que estava foragido, outro ladr√£o que querem manter o povo na pobreza, para poderem se eleger",https://www.twitter.com/FabioGremes/status/1571551568088141824,,,
1566141741467566081,@fabiofelixdf Eu n√£o acredito no rio de Janeiro mandaram o bozo tomar no cu e os milicianos n√£o fizeram nada eu n√£o acredito kkkkkk,https://www.twitter.com/JosGetlioDutra/status/1566141741467566081,,,
1564024229011529728,"@PabloAiresRN Se voc√™ teve a dec√™ncia de abrir m√£o do fund√£o de 5.7 bilh√µes para fazer estes santinhos como o @partidonovo30, a√≠ √© de se respeitar. Caso contr√°rio √© muita hipocrisia.",https://www.twitter.com/eduardobadihot1/status/1564024229011529728,,,
1564589683597877249,"@bellagoncalvs proponho chamar de ""moleque de BH"" pras pessoas entenderem quem √©",https://www.twitter.com/MaciaVinicius/status/1564589683597877249,,,
1564370973989666817,@ErikakHilton @ManuelaDavila S√≥ as feias como vc.,https://www.twitter.com/PauloFarias2000/status/1564370973989666817,,,
1562371116555026432,@BennyBriolly PF  vestiga ai q √© mais mum deputado que a globo come√ßou a dar fama e agora quer aparecer pela op√ß√£o sexual e n√£o pelo que trabalha .,https://www.twitter.com/Angeloluizdasi3/status/1562371116555026432,,,
1564588487004884994,"@bellagoncalvs Toma cuidado antes de soltar essa not√≠cia 
T√° com cara de fakenews
Isso mando o apurado?
Eu n√£o acredito,esse rapaz √© s√©rio e est√° incomodando muita gente poderosa
üëçüáßüá∑üáßüá∑",https://www.twitter.com/Tiagoalb76/status/1564588487004884994,,,
1566250409148252166,@fabiofelixdf @MST_Oficial Tudo drogados e sem relev√¢ncia suas pautas ü§°,https://www.twitter.com/fbarbosarjbr/status/1566250409148252166,,,
1575258219420811264,@AriadnaArantes @LulaOficial Pra cima deles mana!,https://www.twitter.com/gretatomazlopes/status/1575258219420811264,,,
1576193447530143745,"@RobeyonceLima @castelllovini @teresaleitao_ @MariliaArraes @LulaOficial Arrasa, negona! Tu √© fera. X√™ro em tu!!!",https://www.twitter.com/gilsonbbarros/status/1576193447530143745,,,
1565811238407491586,@fabiofelixdf Viado gaiero mentirosamente mentindo,https://www.twitter.com/RennanMaximo2/status/1565811238407491586,,,
1565855170340306949,@beatrizcaminha @JanjaLula Kkkkk,https://www.twitter.com/AncarluKul/status/1565855170340306949,,,
1561013041680076806,"@ErikakHilton Tem nem vergonha na cara de mentir, MEENTIROSA ü§Æ",https://www.twitter.com/bruinacioo/status/1561013041680076806,,,
1576335156515741696,"@castelllovini Tamo junto, vini ‚ù§Ô∏è",https://www.twitter.com/alvaruramos/status/1576335156515741696,,,
1574036970799595520,"@ErikakHilton N√≥s somos lula ,sai fora bozo aqui vc n√£o se cria n√£o",https://www.twitter.com/Geiza135880791/status/1574036970799595520,,,
1575885156602499072,Minha deputada federal √© @mariamarighella vamos galera! Baianas!,https://www.twitter.com/affarofa/status/1575885156602499072,,,
1575044405471645697,"@gabysantospdt @rafaaroeira S√≥ podia ser cirista, igual a ciro vc tbem n vai ganhar. Aprende a pelo menos se maquiar direito.",https://www.twitter.com/Angemonx/status/1575044405471645697,,,
1573426895575736329,@dudahidalgo13 For√ßa menina guerreira!,https://www.twitter.com/flabolaffi/status/1573426895575736329,,,
1561047032202248194,"@danimontpsol @AlexPer77 deix de ser mentirosa, contatou alguem para se passar por miliciano...   s√≥ trouxa para acreditar nesta mentira...",https://www.twitter.com/antonyklodzinsk/status/1561047032202248194,,,
1563937000494972928,@PabloAiresRN @alienqueen22 olha que louco,https://www.twitter.com/Igorssauro1/status/1563937000494972928,,,
1576551699010895872,@ErikakHilton @naliattinha,https://www.twitter.com/naIaurao/status/1576551699010895872,,,
1560056801776881665,@SomosTocantins Preparado pra ouvir esse neg√≥cio at√© abusar kkkkkk,https://www.twitter.com/dirceumelo/status/1560056801776881665,,,
1564064626656120833,@AriadnaArantes @jairbolsonaro Lixo √© esse cachaceiro,https://www.twitter.com/malicebatista/status/1564064626656120833,,,
1573829674307813377,@ErikakHilton Kkk sem no√ß√£o,https://www.twitter.com/paulocesarmel13/status/1573829674307813377,,,
1564557553064869888,"@bellagoncalvs Dif√≠cil a vida da esquerda
Vivem de machete de 12hs

Pais vive de hist√≥ria esquerda foi GOVERNO mais CORRUPTO da hist√≥ria do BRASIL

Olha que se tratando de BRASIL √© um titulo de respeito",https://www.twitter.com/agroenortao/status/1564557553064869888,,,
1566280613652725760,"@mariamarighella @acmneto_ @MST_Oficial @lucinhadomst O grampinho tem medinho do mst. √â covardezinho e ta desesperadinho, o coitadinho...",https://www.twitter.com/caravaggiotto/status/1566280613652725760,,,
1573494092998262794,"@RobeyonceLima vamos com tudo, mami! ‚ù§Ô∏è",https://www.twitter.com/mandsrodrig/status/1573494092998262794,,,
1575928501034967040,@bellagoncalvs Nojo de marcelo aro,https://www.twitter.com/bahtavares/status/1575928501034967040,,,
1568340093596737536,@SomosTocantins @vanessadamata üò¨üòÖ,https://www.twitter.com/anasfranco/status/1568340093596737536,,,
1575931326632325120,@bellagoncalvs @Patrus_Ananias Que dupla foda ‚ù§Ô∏èüî•‚≠ê,https://www.twitter.com/fagner_fo/status/1575931326632325120,,,
1576646048185208832,@ErikakHilton Vamo minha deputada!,https://www.twitter.com/deehuarastaca/status/1576646048185208832,,,
1566966192690151426,@Izalourenca Covardes! N√£o v√£o nos intimidar! Vamos com coragem üëäüèΩ,https://www.twitter.com/SophisVieira/status/1566966192690151426,,,
1564285933201006595,@AriadnaArantes @jairbolsonaro Nem S√£o Longuinho acha!,https://www.twitter.com/analamonica/status/1564285933201006595,,,
1576634595130449922,@RobeyonceLima Bel√≠ssimaaaaaa,https://www.twitter.com/jusrrtt/status/1576634595130449922,,,
1565830073881616384,@beatrizcaminha @JanjaLula Aquela que depenou Itaipu?,https://www.twitter.com/PatriotaMurillo/status/1565830073881616384,,,
1565834253887225864,@beatrizcaminha @JanjaLula Kkkkkkkkk,https://www.twitter.com/fchavesjorge/status/1565834253887225864,,,
1566140911096139776,"@fabiofelixdf Voc√™s s√£o pat√©ticos, se o Bolsonaro n√£o vencer essas elei√ß√µes, quem vai tomar no cu s√£o voc√™s. üòÇüòÇüòÇüòÇüòÇ",https://www.twitter.com/calil_c/status/1566140911096139776,,,
1571463158279340032,"@Izalourenca S√≥ faltam voc√™s dizerem que o animal (digo o homem, n√£o o üê∂) √© bolsonarista porque a moda agora √© tentar ligar tudo que envolve viol√™ncia ao Bolsonaro. Vai ver o idiota n√£o √© nada do que falam mas o que vale √© a lacra√ß√£o. √ä mundinho que t√° chato c√™ besta!!",https://www.twitter.com/belizri2/status/1571463158279340032,,,
1562397920074268672,"@AriadnaArantes Porque √© Fake @AriadnaArantes, foi um jornal Sul Coreano que postou isso, jornais pro EUA postam direto fake news relacionado a Coreia do Norte",https://www.twitter.com/RenanVicente0/status/1562397920074268672,,,
1570230313502248960,@jessicamichels Minha hip√≥tese √© makumba. As regi√µes com mais aglomera√ß√£o de makumbeiro t√£o cheia de pombo.,https://www.twitter.com/jbcampestrini/status/1570230313502248960,,,
1573766514842509314,@mariamarighella Isso a√≠ √© uma embriaguez de sucesso!,https://www.twitter.com/FIruata/status/1573766514842509314,,,
1563945332395970561,@PabloAiresRN que lindo!,https://www.twitter.com/YsleikerPolyana/status/1563945332395970561,,,
1571466561776504832,"@Izalourenca Ele s√≥ estava a fim de agredir uma mulher. Isso s√≥ demonstra o quanto homens odeiam mulheres em nossa sociedade, e o quanto agress√£o a mulheres por parte de homens √© normalizado. Duvido que se fosse um homem lavando a cal√ßada ele iria agredir desta forma.",https://www.twitter.com/Hecate_rainha/status/1571466561776504832,,,
1562437209286127617,@fabiofelixdf Vc √© comunista e se o povo ver como √© cuba e Venezuela sua carreira pol√≠tica j√° era,https://www.twitter.com/AcioNeves6/status/1562437209286127617,,,
1562150092668379136,"@BennyBriolly Voc√™ tem direito, isto √© Constitucional, o Estado por direito tem que refor√ßar sua seguran√ßa. @BennyBriolly",https://www.twitter.com/Vanderl30432346/status/1562150092668379136,,,
1562755321864818691,"@BennyBriolly Igual a qualquer outro esquerdopata, propaganda o √≥dio",https://www.twitter.com/victorhmmachado/status/1562755321864818691,,,
1576200658197151745,eu mamacita e nossa deputrava @RobeyonceLima amo muuuito https://t.co/xQ8YHAMwfO,https://www.twitter.com/sevdalizarecife/status/1576200658197151745,,,
1565518313651838979,"@vivireispsol No m√≠nimo, Bolsonarista!!! O Brasil agora come√ßou a exportar extremistas.",https://www.twitter.com/Brasileirinhohx/status/1565518313651838979,,,
1573833404772229120,@ErikakHilton üòÇüòÇüòÇüòÇüòÇüòÇüòÇ esse bozobosta √© um infeliz pqp,https://www.twitter.com/souza_iuly/status/1573833404772229120,,,
1568706505490268161,"Que √© isso que aconteceu com a camarada @BennyBriolly no palanque do PT? T√£o de sacanagem, transf√≥bicos do caralho",https://www.twitter.com/VietCauang/status/1568706505490268161,,,
1576611142444544000,"Como diria @RobeyonceLima: O babado ir√° vencer a barbarie!
‚≠êÔ∏è‚ù§Ô∏èü´∂",https://www.twitter.com/thiagog_01/status/1576611142444544000,,,
1574083438755315714,"@RobeyonceLima Boa tardeüåπüåπüåπ Amada, me indique 1 candidato a Dep. Estadual e um Senador???
Presidente, Governador e Dep. Federal (5000) eu j√° tenho.
üòòüòò
Obrigado!!",https://www.twitter.com/OsvaldirNascim4/status/1574083438755315714,,,
1563463665772548097,@gabysantospdt O cara n√£o falou absolutamente nada!falou como se fosse errado a lava jato ter livrado a petrobras da corrup√ß√£o e ainda vem com papinho de pulga atr√°s da Orelha‚Ä¶tenha D√≥,https://www.twitter.com/AlontechPS/status/1563463665772548097,,,
1575909070267203590,"@ErikakHilton N√£o √© n√£o mona. Muita gordura, s√≥dio e zero nutrientes. Vc precisa estar sempre alimentada e forte pra botar essas fascistas pra correr üôèüèºüòå",https://www.twitter.com/cesarbeloni91/status/1575909070267203590,,,
1565836628668649472,@beatrizcaminha @JanjaLula Kkkkkkkkkkkkk,https://www.twitter.com/RizzioBrito/status/1565836628668649472,,,
1572650123376607237,@gabysantospdt @Jujuca1987 a gaby tb √© foda!!,https://www.twitter.com/fuckinmadhatter/status/1572650123376607237,,,
1570855018630381568,"amigues que est√£o sem candidatas(os/es) pra dep. estadual, conhe√ßam o trampo da @BennyBriolly ü§é e vamos de depuTRAVA estadual",https://www.twitter.com/galvapin/status/1570855018630381568,,,
1561380280786567168,"@danimontpsol Votar nessa corja de abutres, esquerda maldita nunca, n√£o vote nessa corja.",https://www.twitter.com/GenivalDamasce1/status/1561380280786567168,,,
1575532838086025217,@Marilacerdapt Que horas?,https://www.twitter.com/HugoSrgio11/status/1575532838086025217,,,
1573649536962248705,@ErikakHilton @claudiaalves211 @Cortez50005 vota na erikaaaaa üòç,https://www.twitter.com/rbcgaia/status/1573649536962248705,,,
1576596634259304448,"@BennyBriolly vambora mulher, to contigo!!!!",https://www.twitter.com/Karolineabsinto/status/1576596634259304448,,,
1567340579025043457,"@fabiofelixdf Fascista √© o passado da tua ideologia comunista e socialista, esquerdopata manipulador e mimizento.

Toma vergonha na cara, apoiador de criminoso condenado.

PSOL √â O ESGOTO DO AL√áAP√ÉO NO FUNDO DO PO√áO",https://www.twitter.com/SergioMenorah2/status/1567340579025043457,,,
1572044426473574401,"@ErikakHilton Secou a teta, tadinha",https://www.twitter.com/pauloaledrigues/status/1572044426473574401,,,
1571268476651667458,"@Izalourenca Voc√™ poderia s√≥ dizer ""o cara √© machista e t√° usando uma mangueira como desculpa pra ser machista."" Quando bota identidade no meio de coisas nada a ver, descaracteriza o problema.",https://www.twitter.com/shintakens/status/1571268476651667458,,,
1573952269153980416,@VaiPaolla Flopou kkkkkkkk,https://www.twitter.com/monicafalcaoadv/status/1573952269153980416,,,
1574403305043894273,@VaiPaolla Vamosss com a BRABA ‚ÄºÔ∏èüöÄ‚ô•Ô∏è‚úäüèº,https://www.twitter.com/isapenna/status/1574403305043894273,,,
1566816103678058498,@Izalourenca Tmj ‚ô•Ô∏èüåª,https://www.twitter.com/FalabellaCida/status/1566816103678058498,,,
1575137194573979650,@RuthVenceremos @MST_Oficial Linda!,https://www.twitter.com/AndrGon37753577/status/1575137194573979650,,,
1575915534415106049,@mariamarighella @jairmearrependi @lucinhadomst Minhas deputadas ‚ù§Ô∏è,https://www.twitter.com/dani88azevedo/status/1575915534415106049,,,
1567577717968625665,@dudahidalgo13 @danilozamai @matels AVISA Q √© ELAAAAAA,https://www.twitter.com/soooooofi4/status/1567577717968625665,,,
1572331780262268928,@RobeyonceLima e t√° cheio de Pernambucano que mal pode esperar!,https://www.twitter.com/barbosa_jessica/status/1572331780262268928,,,
1568723963139788801,@fabiofelixdf Nem 5 mulas cantaram!!!! ü§£ü§£ü§£ü§£,https://www.twitter.com/emewelix/status/1568723963139788801,,,
1565854439403036672,@beatrizcaminha @JanjaLula N√£o vi na foto a Michele Bolsonaro! Essa da√≠ √© a tal da janja que foge da receita e deve condom√≠nio?,https://www.twitter.com/Ricardo83338682/status/1565854439403036672,,,
1572247703870132224,@danimontpsol Segundo a pesquisa pombo kkkk https://t.co/Pnzfkrjo2L,https://www.twitter.com/ScarassatiN/status/1572247703870132224,,,
1575923549021171722,"@ErikakHilton T√¥ p√¥! Kaakksksksksksks q isso v√©i, eleg√¢ncia p comer pastel √© sacanagem! Parece que t√° c d√≥ dele... Akkakakak quem tem d√≥ de comer pastel √© a direita, nois tem q ter GULA mesmo!!",https://www.twitter.com/MijaFogoOficial/status/1575923549021171722,,,
1575922734479343618,"@ErikakHilton Sim mamae, toda quarta como um de queijo e um de camarao",https://www.twitter.com/vinilmoderno/status/1575922734479343618,,,
1574026019610189824,@ErikakHilton O nordeste dele todos s√£o para√≠ba,https://www.twitter.com/phboliviano/status/1574026019610189824,,,
1574116355384696834,@ErikakHilton Isso √© uma anta!!!,https://www.twitter.com/VirgilioRocha3/status/1574116355384696834,,,
1565867720289165313,"@beatrizcaminha @JanjaLula Primeira dama s√≥ se for na sua tribo.  Na minha √© Michele Bolsonaro üáßüá∑‚úÖÔ∏è
Janja t√° procurada pelo minist√©rio p√∫blico. Aproveita passa o endere√ßo dela pros caras cobrarem as d√≠vidas da caloteira.",https://www.twitter.com/Valeria11234075/status/1565867720289165313,,,
1567196126599647232,"@BennyBriolly E qdo n√£o foi, senhor @BennyBriolly ? Que hipocrisia barata.",https://www.twitter.com/Edu35828862/status/1567196126599647232,,,
1565846645530566657,@beatrizcaminha @JanjaLula Tadinha! Essa jamais ser√° primeira Dama!,https://www.twitter.com/AnaCeliaPinto69/status/1565846645530566657,,,
1562393248655708162,@AriadnaArantes Deve ser o inferno morar l√°,https://www.twitter.com/caradeturco24/status/1562393248655708162,,,
1561003520488267776,@ErikakHilton toda natural bonita pra caramba,https://www.twitter.com/___nemo/status/1561003520488267776,,,
1575202675586498560,"Vov√≥ sem deputado estadual e eu ‚Äúvamo de Vini‚Äù a√≠ ela ‚Äúsei n√£o, nunca vi aqui na ilha‚Äù a√≠ eu ‚Äúele t√° com Lula‚Äù ela ‚Äút√°, vou pensar‚Äù 
A realidade √© que ngm lembra da Ilha do Maruim mesmo, hey @castelllovini bora mudar isso a√≠",https://www.twitter.com/santajoyb/status/1575202675586498560,,,
1575220620425457664,"@BennyBriolly Pra cima, deputravaa!!",https://www.twitter.com/Matheus16060645/status/1575220620425457664,,,
1560343723120234496,@ErikakHilton @tuitaabela TCHUTCHUCA DO CENTR√ÉO t√° descontrolado,https://www.twitter.com/BozoDePapelao/status/1560343723120234496,,,
1574953665370083328,"@Izalourenca Kkkkk psol e merda da no mesmo, n√£o sabia n√£o??",https://www.twitter.com/Ivan49Mourao/status/1574953665370083328,,,
1573658362264408064,@VaiPaolla que horas acaba??,https://www.twitter.com/StLeimor/status/1573658362264408064,,,
1574218102253834241,@ErikakHilton Sua loka pq vc t√° se candidatando a deputada seu av√¥ √© o Hilton dono de hot√©is e bilh√µes,https://www.twitter.com/mariasgeovanas/status/1574218102253834241,,,
1575620644925952000,@AriadnaArantes @LulaOficial Quem √© essa agora kkkkkk,https://www.twitter.com/Cristia98796693/status/1575620644925952000,,,
1574872347873800192,"@jessicamichels Deve ser pq n gostam da verdade, depois reclamam dos bolsominions e suas fake news kkkkkk",https://www.twitter.com/Biomesquitaa/status/1574872347873800192,,,
1573339694930460672,@jessicamichels Parab√©ns por ser bi üëç,https://www.twitter.com/oguilhermeluiz/status/1573339694930460672,,,
1560351644822519810,@bfeministapsol Os da mesma laia tirando foto com ele como se fosse celebridade ü§Æsemelhante atrai semelhante,https://www.twitter.com/VdeVandinha/status/1560351644822519810,,,
1566949587461570560,@beatrizcaminha @JanjaLula At√© parece que esse LULADRAO j√° ganhou a elei√ß√£o. Se liga que esse ladr√£o n√£o vai ser eleito nunca,https://www.twitter.com/LuizAnt31854652/status/1566949587461570560,,,
1560283460576624641,@ErikakHilton @guilherme_amado Tenho d√≥ de quem trabalha pra esses canalhas iletrados ricos,https://www.twitter.com/well11sp/status/1560283460576624641,,,
1561346851042988032,@bellagoncalvs E os retardados v√£o reeleger o boca de ovo para ele acabar com MG.,https://www.twitter.com/mariacr42603408/status/1561346851042988032,,,
1567687706792042496,Eu e a querida @mariamarighella no ato do 7 de Setembro em Salvador https://t.co/sJSVYh5HVp,https://www.twitter.com/japensoucharles/status/1567687706792042496,,,
1576022163878211586,@ErikakHilton mas √© bonita viu ave maria,https://www.twitter.com/sofro_calado/status/1576022163878211586,,,
1576593520164425733,"@Izalourenca, CONFIRMA.
@FalabellaCida, CONFIRMA.
@asilveiramg, CONFIRMA.
@alexandrekalil, CONFIRMA.
@LulaOficial, CONFIRMA.",https://www.twitter.com/Victorthin/status/1576593520164425733,,,
1576430110952943616,Passei as √∫ltimas horas disseminando a palavra do @fabiofelixdf aqui em casa ekkdkkeksk,https://www.twitter.com/_librarianship/status/1576430110952943616,,,
1575478130328088576,@danimontpsol T√¥ contigo mana!!!! ü§úüèΩü§õüèøüåü,https://www.twitter.com/lazulibarbosa/status/1575478130328088576,,,
1563924854709125120,@PabloAiresRN caralho q foda,https://www.twitter.com/ifavemierri/status/1563924854709125120,,,
1563936265942274049,"@PabloAiresRN surreal, amei!",https://www.twitter.com/sr_mede1ros/status/1563936265942274049,,,
1566816817942863875,"@Izalourenca N√£o conhe√ßo o filme, vou procurar para assistir.",https://www.twitter.com/PrimataLucas/status/1566816817942863875,,,
1576643758866591744,@ErikakHilton Vc vai ganhar vc √© FODA,https://www.twitter.com/mabebonafe/status/1576643758866591744,,,
1565447025767874561,@gabysantospdt CIRO CRESCE üåπCIRO GOMES √â  12,https://www.twitter.com/WendellSampaio5/status/1565447025767874561,,,
1559636952596582400,"@VaiPaolla @LulaOficial ü§£ü§£ü§£ü§£, como essa turma do PT √© t√£o bobinha e burrinha",https://www.twitter.com/zbrenobtx/status/1559636952596582400,,,
1575542932014497793,"@AriadnaArantes @LulaOficial Procuranda mulheres esquerdistas p humilhar e usar um bolsonarista, fazer campanha p Lula e quem sabe mudar o voto",https://www.twitter.com/otariopagador/status/1575542932014497793,,,
1564563645161476097,@PabloAiresRN Foda.... üëèüèæ,https://www.twitter.com/Romulo2500/status/1564563645161476097,,,
1572719002509606913,"@fabiofelixdf aqui o df t√° entre a cruz e a espada
Ingan√™s e Paulo Ot√°rio s√£o dois sem vergonha üò≠",https://www.twitter.com/ltnightweaver/status/1572719002509606913,,,
1562268870546784256,@jessicamichels @CentralEleicoes ‚úãÔ∏è,https://www.twitter.com/gs_barros_/status/1562268870546784256,,,
1564048743510556672,@PabloAiresRN o cara j√° se afirmando como planta kkkkk,https://www.twitter.com/donutsfoundati1/status/1564048743510556672,,,
1574069374897750021,@ErikakHilton @emischneiderv Fake news picareta!,https://www.twitter.com/Xuranha6/status/1574069374897750021,,,
1576335938812198912,A diva vota @bfeministapsol üíú https://t.co/4Ejf4Vo0o2,https://www.twitter.com/malupnogueira/status/1576335938812198912,,,
1571282662152671235,@Izalourenca Zema aqui e Bolsonaro L√° kkk,https://www.twitter.com/mariliacs2/status/1571282662152671235,,,
1564064305452122116,@AriadnaArantes Gostando da mulherada...,https://www.twitter.com/dry_silva/status/1564064305452122116,,,
1575147878187765761,"Eita que @RobeyonceLima apareceu na minha TV

Bora de 5Ô∏è‚É£0Ô∏è‚É£0Ô∏è‚É£0Ô∏è‚É£ pra federaaaal https://t.co/cBv3CI097f",https://www.twitter.com/vinigoles/status/1575147878187765761,,,
1561363788007444482,@dudahidalgo13 üòÇüòÇüòÇüòÇüòÇ Povo na rua ü§°,https://www.twitter.com/JaquellineSan19/status/1561363788007444482,,,
1576322140273487873,"@Izalourenca @caebatista1 @luizadulci @LulaOficial em nome de todos os santos, Cleitinho n√£o!",https://www.twitter.com/MiramarJoao/status/1576322140273487873,,,
1571613262306746375,"@fabiofelixdf Mamador do dinheiro publico!!! Fuj√£o, covarde!",https://www.twitter.com/AntiPTantiBozo/status/1571613262306746375,,,
1571882971690409984,"@mariamarighella @dilmabr Ih, paramos juntos ent√£o! https://t.co/flNyvNnAEB",https://www.twitter.com/afimdobrasil/status/1571882971690409984,,,
1575255239409664000,@Marilacerdapt ja acha poucos os bandidos que aqui tem e ainda vem mais . ho fortaleza pra sofre com bandidos,https://www.twitter.com/josemarAngel/status/1575255239409664000,,,
1567624451289714688,@vivireispsol Nojo ü§Æ,https://www.twitter.com/nuellenc/status/1567624451289714688,,,
1559636008542560261,"@VaiPaolla @GuilhermeBoulos Agora estou mais que convencido, o cara √© corinthiano üèÅüè¥üè≥Ô∏èüñ§ü§çTmj @GuilhermeBoulos",https://www.twitter.com/EdersonLisboa5/status/1559636008542560261,,,
1562111786509389827,"S√£o Paulo ganhou uma candidatura feminista de peso, @bfeministapsol! Com 5 mulheres pretas juntas n√£o h√° tucanist√£o que fa√ßa sucesso! Por um Estado de SP feminista e antirrascista VOTA PAULA DA BANCADA FEMINISTA 5Ô∏è‚É£0Ô∏è‚É£0Ô∏è‚É£0Ô∏è‚É£0Ô∏è‚É£ https://t.co/vziOM82HVY",https://www.twitter.com/vnncius_/status/1562111786509389827,,,
1576296755045445633,"√â MULHER PRETA, SENSACIONAL. 
IZA LOUREN√áA DEPUTADA FEDERAL üî•
@Izalourenca",https://www.twitter.com/usernamepoc/status/1576296755045445633,,,
1565706833699999746,@mariamarighella Achei minha deputada!,https://www.twitter.com/hyagocerqueira/status/1565706833699999746,,,
1564619465207193609,"@ErikakHilton Esse √© o ‚ÄúHonest√£o‚Äù!!! S√≥ o Gado acredita nesse ser‚Ä¶
ü§Æü§Æü§Æü§Æü§Æü§Æ 
Falta pouco, #ForaBolsonaro @jairbolsonaro 
@PastorMalafaia 
@FlavioBolsonaro 
@BolsonaroSP",https://www.twitter.com/Klausmed/status/1564619465207193609,,,
1575215565408706560,@BennyBriolly Puta que pariu e isso n√£o t√° sendo noticiado direito. A gente t√° abandonado pqp,https://www.twitter.com/HidlesLoki/status/1575215565408706560,,,
1568414534028738562,@BennyBriolly @LulaOficial Pare de se humilhar!,https://www.twitter.com/cinecavalheiro/status/1568414534028738562,,,
1573694260486053888,@VaiPaolla Chora mais que t√° pouco üò≠üò≠,https://www.twitter.com/thiagodiflen/status/1573694260486053888,,,
1572233722178703360,@ErikakHilton Se √© do PSOL n√£o tem credibilidade. Mero puxadinho do PT. Essa hist√≥ria de gozar com membro alheio j√° passou do ponto.,https://www.twitter.com/uli_cassilva/status/1572233722178703360,,,
1576544470853910530,@fabiofelixdf @IttaloArruda tamb√©m teve meu voto ü´∂üèª,https://www.twitter.com/matheusfarinaa/status/1576544470853910530,,,
1575497685771374595,"@BennyBriolly Bora, Benny!",https://www.twitter.com/maisa_mensenga/status/1575497685771374595,,,
1561107181474402306,"Minha deputadA de S√£o Paul√£o!!!!! 
Elejam essa mulherrrrrrr @ErikakHilton https://t.co/I7GABbCexa",https://www.twitter.com/franklinkaic/status/1561107181474402306,,,
