id,text,tweet_url,n_prob_bin,"√â violento?
(1=sim, 0=n√£o)","O candidato √© o objeto do coment√°rio?
(1=sim, 0=n√£o)","Coment√°rio √© racista/machista/LGBTf√≥bico?
(1=sim, 0=n√£o)"
1564194214472212480,@MacaeEvaristo Nossa Bator√© tinha raz√£o kkkkkkk o bicha feia Meu Deus,https://www.twitter.com/Cleidivaldordj/status/1564194214472212480,772,,,
1569883537360158721,@majorfabianadep @jairbolsonaro Vagabundo cachaceiro... ladr√£o e canalha !!! Vai pros Quintos seu diabo üòàü§Æü§Æü§Æü§Æü§Æü§Æ,https://www.twitter.com/BarrosSilvinho/status/1569883537360158721,772,,,
1573744814578962434,@VaiPaolla Fascista teu cool,https://www.twitter.com/leoalmeidafsa/status/1573744814578962434,2693,,,
1567737892570537985,@gleisi O CHORO √â LIVRE E O POVO BRASILEIRO TAMB√âM..OS APOSENTADOS QUE O DIGAMüáßüá∑üí™üáßüá∑,https://www.twitter.com/NalumoraesNARA/status/1567737892570537985,180052,,,
1566227867599609858,"@CarinaBelome Campanha t√° magra, mas vc t√°  gordinha.",https://www.twitter.com/JDProvasi/status/1566227867599609858,10176,,,
1572916942301794306,@mariamarighella @d_assiis @lorenabaterista @pizzariapremier @gleidedavis T√¥ contigo! ü§ùüèº,https://www.twitter.com/menezesfaustino/status/1572916942301794306,180052,,,
1576610307119587328,@joicehasselmann Sai pra l√° sua oportunista tra√≠ra e despeitada!,https://www.twitter.com/jmcardosopib/status/1576610307119587328,772,,,
1562260279110631425,@jessicamichels @CentralEleicoes Vai se ferrar idiota,https://www.twitter.com/ClovisH14/status/1562260279110631425,1158,,,
1572365541448245250,"@tabataamaralsp garota, vc apoia um ex presidi√°rio condenado por corrup√ß√£o , vc n√£o tem moral pra falar de ningu√©m sua piralha. Fora Bolsopetismo",https://www.twitter.com/PullinRoberto/status/1572365541448245250,2693,,,
1564559081704136705,@CarinaBelome Esse povo √© safado at√© o ultimo,https://www.twitter.com/machiel1914/status/1564559081704136705,772,,,
1565094960357154818,@juujuferrari Bela de puta da,https://www.twitter.com/Morpheu99812869/status/1565094960357154818,772,,,
1564476369530232833,"@clauthompson N√£o haviam estudos, por√©m, mandaram picar todo mundo. Agora √© tarde.",https://www.twitter.com/brasigois/status/1564476369530232833,23304,,,
1560916869242142720,@delmartharocha @cirogomes @AnaPaulaMatosBA Desembarca delegada! N√£o cole com esquerdista! Quem √© de Deus n√£o anda com essas carni√ßas!,https://www.twitter.com/SchhmidtMax/status/1560916869242142720,1924,,,
1572345289037742082,"@MacaeEvaristo @GugaNoblat Por esta eu n√£o esperava, a recep√ß√£o dos brasileiros de Londres a Bolsonaro foi apote√≥tica, como um pol√≠tico pode reunir tantos eleitores em outro pais, tinham mais manifestantes pro-Bolsonaro em Londres do que nos com√≠cios dos demais candidatos no Brasil. https://t.co/ps3fTJ94RU",https://www.twitter.com/de_tacilio/status/1572345289037742082,180052,,,
1570346265686454273,"@juujuferrari A vai se fode na boa kkkkkk fica no porno , pol√≠tica √© coisa s√©ria kkkk",https://www.twitter.com/jukacaralho2/status/1570346265686454273,1924,,,
1569883581513715713,@renatafalzoni vai q vai mana,https://www.twitter.com/dudumarote/status/1569883581513715713,3578,,,
1572760308808130562,"@Zambelli2210 Isso √© um vagabundo ladr√£o,um verme.",https://www.twitter.com/CarlosA02909070/status/1572760308808130562,1158,,,
1562983334393020417,"@adriventurasp Ent√£o, explica aos teus filhos esse compadrio que o deixou mofando por 600 dias, quando poderia estar governando a 4 anos.
Em vez disso, ficou assistindo o juiz ladr√£o recebendo a recompensa do TCHUTCHUCA DO CENTR√ÉO que diz ""N√£o te estupra porque tu n√£o mereces, porque √©s feia!"" https://t.co/5fjzb9h3Mv",https://www.twitter.com/Wellbamaro/status/1562983334393020417,10176,,,
1574063497608105984,@ErikakHilton √â um asno mesmo,https://www.twitter.com/AndreaMattos21/status/1574063497608105984,1158,,,
1568956215069220867,"@Alice_Portugal @Felipe_da_Cunha Seguindo, tamos juntos!",https://www.twitter.com/DjalmaR79852480/status/1568956215069220867,180052,,,
1560014889724289026,@luceliaoficial @LulaOficial Sai fora coisa louca üòÇüòÇ rid√≠cula ela n√£o fala ela grita..üêÑüêÑüêÑüêÑ,https://www.twitter.com/silmaraoliarski/status/1560014889724289026,1924,,,
1574730954060533760,@AriadnaArantes @LulaOficial Gata! ‚ù§Ô∏è‚≠ê,https://www.twitter.com/LariuDayana/status/1574730954060533760,5554,,,
1562212904069472256,@monicafraga Ela e  o Humcerto Bosta,https://www.twitter.com/thelastDiego/status/1562212904069472256,1158,,,
1568404207274758150,"@erikakokay Vc acha que engana algu√©m, com essa conversa fiada e falsa, pelo amor de Deus, vai procurar o que fazer ao inv√©s de t√° espalhando desinforma√ß√£o e fake News, ningu√©m cai nesse papo mais n√£o, vai trabalhar que √© melhor",https://www.twitter.com/julianoramalho3/status/1568404207274758150,23304,,,
1562018837863841792,@apropriajulia @PATRlOTAS Cutuca o formigueiro que as formiga ficam desesperada.,https://www.twitter.com/0Idiotico/status/1562018837863841792,1924,,,
1563139926144692226,"@bellagoncalvs A mulher fez defesa do agroneg√≥cio, falou do MST, o combo completo e a cor do sapato √© o que importa?",https://www.twitter.com/edisenra/status/1563139926144692226,180052,,,
1559723662084800513,@rosangelamorosp @SF_Moro @VemPraRua_br sai que √© cilada Bino!!,https://www.twitter.com/WillcoxChico/status/1559723662084800513,3578,,,
1576634931031076865,@joicehasselmann chupa sua gorda https://t.co/AJeGVetVoI,https://www.twitter.com/yuansace96/status/1576634931031076865,1158,,,
1571723031734620161,@juujuferrari Bunda gostosa,https://www.twitter.com/Raimund97859836/status/1571723031734620161,772,,,
1563276783767564290,"@alesilva_38 Ele n√£o tem que autorizar nada. Este careca √© um d√©spota que junto com 9 abutres togados soltaram e tornaram tornaram o maior bandido do pa√≠s, o Lula ladr√£o. Canalhas",https://www.twitter.com/PriscilaPatrio4/status/1563276783767564290,2693,,,
1561320975223988224,"@gleisi @LulaOficial O mo√ßa, deixa te falar, deixa eles pensarem que foram milhares, pq se mostra imagens, vai fica feio para o carinha de 9 dedos!!! üòÖüòÖüòÖ",https://www.twitter.com/Marcao_xp/status/1561320975223988224,5554,,,
1575541874005520384,"@EdianeMariaMTST @kabokiko ""A culpa √© dele por ter me estimulado"" √© tipo ""s√≥ fui racista pq ele √© preto"". CARALHO que merda √© essa",https://www.twitter.com/djangonauta/status/1575541874005520384,3578,,,
1562531991912091648,@juujuferrari MDS que isso mulher√£o em‚ù§Ô∏èü´∂ü§§,https://www.twitter.com/PatrickHsccp/status/1562531991912091648,1608,,,
1560333701501882368,@samiabomfim Vou te bloquear‚Ä¶ vc s√≥ fala bosta!,https://www.twitter.com/SraKravitz/status/1560333701501882368,10176,,,
1571213660474822665,@clauthompson Mulher doente.,https://www.twitter.com/bertoldoivone/status/1571213660474822665,5554,,,
1567678164591153152,"@RaquelStasiaki @MJulena Com as imagens de hoje, a inten√ß√£o da fraude est√° aniquilada. Nenhum candidato em qualquer lugar do mundo perde uma elei√ß√£o com esse apoio popular. ACABOU. O sistema est√° rangendo os dentes. Somente um louco para enfrentar essa massa patriota. https://t.co/SAoRLeIIRe",https://www.twitter.com/Brasilsillll/status/1567678164591153152,180052,,,
1573987261015785474,@samiabomfim Aborto √© ASSASSINATO sua vagabunda,https://www.twitter.com/SouDireita/status/1573987261015785474,772,,,
1565028418751811584,"@vanessa_grazz @LulaOficial tu n√£o ganha nem pra s√≠ndica, safada",https://www.twitter.com/l9anticomunista/status/1565028418751811584,1158,,,
1566512789115600900,@Larissafgaspar @lolaescreva Que lindeza üëèüèøüí™üèæüôåüèªüëäüèøüáßüá∑üòò,https://www.twitter.com/ludgleydson/status/1566512789115600900,10176,,,
1575082917872562177,@perpetua_acre Bando de mamateiro,https://www.twitter.com/gleidianepesa/status/1575082917872562177,1924,,,
1561419229328719872,@Zambelli2210 Um imbecil!!,https://www.twitter.com/Beto68Marcio/status/1561419229328719872,1924,,,
1562054836937494529,@DaianeMels @tarcisiogdf Aqui no sul Onix,https://www.twitter.com/spabatovi2/status/1562054836937494529,23304,,,
1569428397062758400,"@juujuferrari puta tu ja √©, s√≥ faltam duas silabas",https://www.twitter.com/doutorautista/status/1569428397062758400,772,,,
1575070006840545281,@perpetua_acre Uma vagaba dessa vem pra rua sua anta. .,https://www.twitter.com/EdilMatias2/status/1575070006840545281,772,,,
1568672296490962944,@TandaraCaixeta Gado de bosta!,https://www.twitter.com/JoNas91981/status/1568672296490962944,772,,,
1564356239814950912,@valbolsonaro CUIDADO q vai falar  q vc e Machista  kkkkkk MULHERADA....sentimental ....,https://www.twitter.com/Correa1Vagner/status/1564356239814950912,1158,,,
1564248784800022529,"@valbolsonaro Kkkk
Vergonha √©  a falsa pastora
Fora Bolsolixo charlat√£o 
Fora Thuthuca do centr√£o",https://www.twitter.com/Ninascordeiro/status/1564248784800022529,1608,,,
1564304084403978241,"@luizaerundina Nem a mim... ele √© muito rasteiro, n√£o consegue nem esconder. Mentiroso em s√©rie!",https://www.twitter.com/andreaad76/status/1564304084403978241,10176,,,
1574411502915837955,@jandira_feghali Essa coitada vai partir para o al√©m enganada pela quadrilha VERMElha,https://www.twitter.com/claudecibarro12/status/1574411502915837955,772,,,
1564078277190377472,@luceliaoficial E disse merda o futuro presidi√°rio.,https://www.twitter.com/ArmandoMotta7/status/1564078277190377472,5554,,,
1560674966752096256,@alesilva_38 Vai ser lapada seus bostas üí©,https://www.twitter.com/Armandofsales/status/1560674966752096256,772,,,
1569681901967020034,@CarinaBelome üôãüèª‚Äç‚ôÇÔ∏è,https://www.twitter.com/marcominfo2/status/1569681901967020034,180052,,,
1573090945318682624,@soutamires_sp At√© a ratazana vai apertar o 13 depois dessa fala,https://www.twitter.com/campodegelo/status/1573090945318682624,2693,,,
1574755093106286595,@jandira_feghali Bandido! Safado,https://www.twitter.com/S_c_h_n_e_i_d_/status/1574755093106286595,772,,,
1570174279832195075,@CoronelRomualdo √â ele gosta de cenoura,https://www.twitter.com/Marcusperabr/status/1570174279832195075,3578,,,
1569408748640165888,@juujuferrari De- puta- da?,https://www.twitter.com/_porraGaga/status/1569408748640165888,1158,,,
1570438288158371841,"@ateixeiradias Um marginal apoiando uma filha de um pol√≠tico, esse menina tem coragem de fazer um v√≠deo com vc e querendo perpetuar a mamata na fam√≠lia",https://www.twitter.com/Arau33948045/status/1570438288158371841,5554,,,
1563211005664325633,@adriventurasp Imbecil!!! E ainda quer se eleger!! √â de cair o c@ da bunda!!,https://www.twitter.com/elis20715486/status/1563211005664325633,3578,,,
1563271941141987335,@rosangelamorosp @SF_Moro Teu marido e vc n√£o tem moral,https://www.twitter.com/profmarciarios/status/1563271941141987335,23304,,,
1565669359481135104,@taliriapetrone Rata √© vc!,https://www.twitter.com/ValGhandour/status/1565669359481135104,3578,,,
1562534342429052928,@juujuferrari @babymatosa Bien rica pa meterte todos mis huevos entre esas tetas üí¶üî•üòãüòãüòã,https://www.twitter.com/Jeankii_69/status/1562534342429052928,772,,,
1564366613041774595,"@Zambelli2210 Ent√£o espanhola,teu presidente tamb√©m j√° foi preso por 15 dias. Bozo tbm √© ex-presidi√°rio üòÇüòÇ",https://www.twitter.com/freitasarthur1_/status/1564366613041774595,23304,,,
1570818858260504577,@rosangelamorosp @padilhando Que infantilzona. Parece uma debiloide. Total sem no√ß√£o. Ser√° que √© mal de fam√≠lia?,https://www.twitter.com/reginareinert4/status/1570818858260504577,1608,,,
1575512937661341697,"@karensantospoa @olivio_dutra Fora Ol√≠vio demagogo,pelego.",https://www.twitter.com/calil_t/status/1575512937661341697,5554,,,
1564072987711733761,"@alesilva_38 @jairbolsonaro Acha normal ele tratar uma mulher assim ? Mineiras, nao votem nessa aqui.",https://www.twitter.com/Elcio_Sao_Paulo/status/1564072987711733761,5554,,,
1567431766264217603,"@tabataamaralsp Vc n√£o √© t√£o bonita, mas √© muito idiota.",https://www.twitter.com/CarlosP34462244/status/1567431766264217603,1924,,,
1570205186068561927,@luizaerundina Kkkkkkkkkkkkkkkkkkkkkkk Q Bosta √© essa ü§£ü§£ü§£ü§£. Eita Desgra√ßa,https://www.twitter.com/FernandoPeresR4/status/1570205186068561927,1924,,,
1562567325957513217,@bellagoncalvs Kkkkkkkk fora bozo Minas √© Lula  kalil,https://www.twitter.com/evymoreira6/status/1562567325957513217,1608,,,
1572140687625175045,"@gabysantospdt Ele t√° com a mesma s√≠ndrome do Cyro pelo Lula, dor de cotovelo kkkk",https://www.twitter.com/TicaTicabvieira/status/1572140687625175045,10176,,,
1564075165637550081,@juliarochasim Dois machistas  EG√ìLATRAS FDP,https://www.twitter.com/LuaAdversa2/status/1564075165637550081,772,,,
1566414361001955331,"@anarosa_ba A porra do soteropolitano e outro n√≠vel vei, at√© comendo √°gua e politizado!üòÇüòÇüòÇüòÇ",https://www.twitter.com/SergioD06901902/status/1566414361001955331,1608,,,
1575090256525021186,@perpetua_acre Que tolice,https://www.twitter.com/augyama/status/1575090256525021186,23304,,,
1567455155523620864,"@rosangelamorosp Oportunista em S√£o Paulo, se soltar a Sra. Conja em Caieiras n√£o sabe chegar na Aclima√ß√£o, isso sem falar no grandioso interior paulista, bem igual o marido, oportunista.",https://www.twitter.com/DrBelarminoJr/status/1567455155523620864,3578,,,
1565067973068570626,"@juujuferrari N√£o vote nos filhos, vote na puta.",https://www.twitter.com/Machadom88/status/1565067973068570626,1924,,,
1575451862932885504,@Larissafgaspar @elmanooficial @LulaOficial posta o link pufavooooooooooooo,https://www.twitter.com/J_cavalc4nte/status/1575451862932885504,10176,,,
1564717548356222977,@samiabomfim @dandanzxx O povo passa fome pra pol√≠tico luxar. Todos eles. Em especial essa familicia,https://www.twitter.com/GuiOliveira_pst/status/1564717548356222977,23304,,,
1574145741420994560,@RaquelStasiaki √â CARONEIRAAAA,https://www.twitter.com/Car32309467/status/1574145741420994560,3578,,,
1559894271188246529,"@samiabomfim Essa a√≠ deve ter sonhos er√≥ticos com o Bolsonaro, coitado do marido",https://www.twitter.com/portrasdolimbo_/status/1559894271188246529,1924,,,
1563486169744429056,@anarosa_ba @RNDebochadoRJ ü§≤‚ù§üíï,https://www.twitter.com/danilolima54/status/1563486169744429056,3578,,,
1572898655937646592,"@RaquelStasiaki Nem toda bolsonarenta √© escrota, mas toda escrota √© bolsonarenta.
Esse √© o caso dessa Raquel.",https://www.twitter.com/falanors/status/1572898655937646592,1924,,,
1564591886576263169,@juh_guerra21 Q porra √© essa?,https://www.twitter.com/GRASsinhademarx/status/1564591886576263169,2693,,,
1574115759902580736,@LuizianneLinsPT @LulaOficial Vambora!,https://www.twitter.com/eugenio_brayner/status/1574115759902580736,2693,,,
1568232301217349633,@samiabomfim Gordurosa com fome,https://www.twitter.com/Adrianobuziano/status/1568232301217349633,1924,,,
1564668890898202625,@ateixeiradias vergonha,https://www.twitter.com/jaircardosojc/status/1564668890898202625,23304,,,
1561883567373811713,@luizaerundina T√° na hora de colocar a chapa no copo com √°gua e ir dormir v√©ia,https://www.twitter.com/HelenaB13873463/status/1561883567373811713,1608,,,
1568367750749339648,@TandaraCaixeta Avante tandara! Feliz em ser seu novo seguidor!,https://www.twitter.com/RobertoVianna19/status/1568367750749339648,180052,,,
1562958311988686850,"@tabataamaralsp Vai acabar vendendo c√¥co na praia... vai treinando ai...

CADEIRA... GUARDA-SOL... AGUA DE COCO... MENDOIM... CHURRAS... CEVA DA BOA...",https://www.twitter.com/Analist80137776/status/1562958311988686850,3578,,,
1561264670211801088,@ReVillela1 @MouraEdine Imaginem o bafo que sai da boca do 9 .,https://www.twitter.com/cil777333/status/1561264670211801088,5554,,,
1564292398460637186,@natbonavides @LulaOficial Vai ficar querendo! kkkkkk bozo22! chora esquerdalhada!,https://www.twitter.com/v4ldomiro/status/1564292398460637186,1158,,,
1562571936022265858,@bellagoncalvs N√£o duvido. Aquela carni√ßa cheira longe.,https://www.twitter.com/m_f_vieira/status/1562571936022265858,23304,,,
1566979030213066752,"@taliriapetrone Virou fifi fofoqueira desocupada?. Aten√ß√£o eleitores dessa in√∫til, est√£o satisfeitos?. ü§¨ü§¨ü§¨ü§¨ü§¨",https://www.twitter.com/SandraA45736553/status/1566979030213066752,2693,,,
1559905035110256641,"@reportersalles Fernanda, vc acha que proibir √© o caminho? Lembra qd proibiram cristianismo em Roma? ü§î",https://www.twitter.com/DboraMota7/status/1559905035110256641,180052,,,
1564743952292581379,@majorfabianadep Kkkkkkkkkkkkk essa s√≥ esqueceu que t√° falando da Zambellispanhola. Kkkkkkk https://t.co/D2UPZGpKsz,https://www.twitter.com/VidaLUZ1981/status/1564743952292581379,3578,,,
1574340071532232709,"@silvianagata Foi agora ent√£o

P√¥ sacanagem! Agora vou passar por mentiroso üòú",https://www.twitter.com/a_siul_/status/1574340071532232709,10176,,,
1568730617826648064,@jfernandaBrasil @G_RMorais @UOLNoticias Corre que √©  gadooooo,https://www.twitter.com/gottrdammerung/status/1568730617826648064,10176,,,
1563013986840625157,@luizaerundina GLOBO nem tocou no assunto CORRUP√á√ÉO da FAMilicia Bolsonaro e do desgoverno do VERME. Com LULA atacou v√°rias vezes. Hip√≥critas.,https://www.twitter.com/LEIMAR32419636/status/1563013986840625157,10176,,,
1561889284185116672,@RaquelStasiaki Em qual canal vc assistiu pq onde vi o bozo saiu t√£o cagado que quando chegar em casa vai ta com as 24 fraldas ate no talo cheias kkkk isso pq se eles nem pagaram pesado kkkk,https://www.twitter.com/GIOVAFELIX/status/1561889284185116672,1158,,,
1575110779396710403,@perpetua_acre A ped√≥fila est√° onde deveria estar...,https://www.twitter.com/NandoTViann1/status/1575110779396710403,23304,,,
1564042478449295360,@ValeriaBnews Traidora nojenta,https://www.twitter.com/ericanatti/status/1564042478449295360,772,,,
1564040146210652162,@RaquelStasiaki Pais da esculhambacao,https://www.twitter.com/Tatygs24/status/1564040146210652162,5554,,,
1575611834182213632,@AnaPimentel_jf O cotovelo da petezada t√° üî•üî•üî•üî•üî• ü§£üòÇüòÖ ü§£ü§£ü§£ü§£ü§£ü§£ü§£ü§£,https://www.twitter.com/AguinaldoCesar6/status/1575611834182213632,3578,,,
1576388649859837952,@marinahelenabr Gamba cheira gamba!!,https://www.twitter.com/leogardena/status/1576388649859837952,1158,,,
1575967625842405376,"@ateixeiradias Miseric√≥rdia, que mul√© bunita da gota, ox√™, parece  um bibel√¥! ‚ò∫Ô∏èüëèüèæüëèüèæ22üáßüá∑",https://www.twitter.com/EdsonNinca/status/1575967625842405376,772,,,
1568004353348325378,@gabysantospdt puta merda hahahahhahaha,https://www.twitter.com/crudinho/status/1568004353348325378,1608,,,
1564530405696471041,@valbolsonaro A feminista Simone Tebet essa mulher √© uma farsa.,https://www.twitter.com/GilsondeSouza33/status/1564530405696471041,1924,,,
1568436116839190529,@gleisi Kkkkk,https://www.twitter.com/ajuri_am/status/1568436116839190529,23304,,,
1561333643762597888,@Zambelli2210 Policia pode n√© sua burra.nao confunda as coisas.,https://www.twitter.com/PauloPs656370/status/1561333643762597888,2693,,,
1563313733438705665,@mariadorosario @EdegarPretto @LulaOficial So faltou uma vassoura pra bruxa sair voando kkkk,https://www.twitter.com/BaumgartFranz/status/1563313733438705665,23304,,,
1574403305043894273,@VaiPaolla Vamosss com a BRABA ‚ÄºÔ∏èüöÄ‚ô•Ô∏è‚úäüèº,https://www.twitter.com/isapenna/status/1574403305043894273,10176,,,
1568776406175285250,"@CarinaBelome A maricota estudou com o Paulo freire..
A tonta üòµ",https://www.twitter.com/PereiraNuzia/status/1568776406175285250,1924,,,
1573337921796595712,"@rosangelamorosp Dona Ros√¢ngela, a senhora √© uma vergonha. √â pat√©tica. √â pior que o bosta do seu marido",https://www.twitter.com/Snoopysocialist/status/1573337921796595712,3578,,,
1573052118499753984,"@ValeriaBnews Maravilhoso, assim dono de cart√≥rios esquerdistas n√£o v√£o ter como cancelar o t√≠tulo dos idosos. Foram os donos de cart√≥rios que prejudicaram o envio das fichas para cria√ß√£o do partido de Bolsonaro.",https://www.twitter.com/AsperaVida/status/1573052118499753984,23304,,,
1574055511590420481,"@juh_guerra21 Olha, se ele n mora na mesma regi√£o ou at√© cidade q vc, manda ele ir l√° acreditar nos sonhos dele! Vai gastar uma grana fudida e mesmo assim tu vai continuar c seus horm√¥nios de bouas ü§£ü§£ü§£",https://www.twitter.com/MijaFogoOficial/status/1574055511590420481,3578,,,
1570062423817584642,@juujuferrari @Pedroca50686672 LINDA BEB√â üòèüòòüòç‚ù§Ô∏èüòá,https://www.twitter.com/Pedroca50686672/status/1570062423817584642,10176,,,
1562942648268115969,@Zambelli2210 Vagabundo,https://www.twitter.com/Adelina22294559/status/1562942648268115969,772,,,
1564345423195774976,"@valbolsonaro @mfriasoficial Cuidado com os homens que venera, mocinha https://t.co/Ivv20rQSnN",https://www.twitter.com/rabraziliansamp/status/1564345423195774976,3578,,,
1572798848615206913,@Izalourenca @GuilhermeBoulos J√° parou pra pensar q s√£o esses bilion√°rios q empregam os de classe m√©dia.?!,https://www.twitter.com/JosoNego/status/1572798848615206913,180052,,,
1564071849767624710,@valbolsonaro @BolsonaroSP On√ßa de motel kkkkkkkkkkkkk,https://www.twitter.com/angelica_perina/status/1564071849767624710,5554,,,
1565861315666640896,@beatrizcaminha @JanjaLula Ah! Que saiamos livre disso ai‚Ä¶ que horror!,https://www.twitter.com/MarciaVicencia/status/1565861315666640896,23304,,,
1569615006378999810,@marisa_lobo S√≥ mente esse p√© de cana kkk,https://www.twitter.com/JosueJtcs/status/1569615006378999810,1158,,,
1568698638486085632,"@rosangelamorosp Minha sra ,vcs derreteram ,n√£o consegue enxergar? Volte para o Paran√°,eu nascida na capital de SP n√£o te quero aqui ,vc √© uma hip√≥crita",https://www.twitter.com/PriscilaPresot1/status/1568698638486085632,5554,,,
1566572144993214467,@juujuferrari Gostosa,https://www.twitter.com/Gustavo34727785/status/1566572144993214467,772,,,
1560274200652222465,@luizaerundina √â o mesmo que trocar 6 por meia d√∫zia. Um mau-car√°ter mostrando os dentes.,https://www.twitter.com/CliaRoc92182513/status/1560274200652222465,23304,,,
1564325887385935873,"@CarolDeToni @jairbolsonaro A senhora deveria est√° postando o ataque dele contra uma mulher, o quanto ele √© valent√£o quando ele ver o sexo oposto, a senhora deverias como mulher se solidarizar  com a jornalista, cuidado candidata no mundo do Bolsonaro mulher e gay nunca ter√° vez.",https://www.twitter.com/felipecunhaster/status/1564325887385935873,10176,,,
1571963221447442434,@fernandapsol Ou ser√° burro mesmo ?,https://www.twitter.com/neli_sz/status/1571963221447442434,10176,,,
1567327704831205379,@majorfabianadep Isto √© vagabundagem deste malandro,https://www.twitter.com/OlintoErick1/status/1567327704831205379,772,,,
1560613156124123139,@monicafraga @rmotta2 Estou parando de assistir ao pingos por causa desse sujeito‚Ä¶,https://www.twitter.com/MMallagoli/status/1560613156124123139,23304,,,
1565829624743034882,@marinahelenabr mentira deslavada,https://www.twitter.com/lasc60/status/1565829624743034882,3578,,,
1572028075541680128,@natbonavides @cynaramenezes Vamo,https://www.twitter.com/galo__vasco/status/1572028075541680128,3578,,,
1561103165071712257,@ReVillela1 Cabra macho. Se eu fosse rico mandava dinheiro pra ele.,https://www.twitter.com/tgjesus1984/status/1561103165071712257,1924,,,
1568674461062414339,@JulianaBrizola Ningu√©m quer saber desse bolsonarista enrustido mulher chata da porra.,https://www.twitter.com/DeSkinhead/status/1568674461062414339,772,,,
1573691400616542208,@VaiPaolla S√≥ os gadinhos,https://www.twitter.com/Plinkilling/status/1573691400616542208,2693,,,
1564068582291644420,"@fernandabarth BolsoNero escroto, machista e sexista! Dizer a uma jornalista que est√° ali trabalhando, antes de tudo uma mulher casada, que ela o persegue por ir dormir pensando nele! Um porco! Queria ver esse covarde falar assim com o marido dela por perto!",https://www.twitter.com/rhinogatti/status/1564068582291644420,1608,,,
1568373862328573954,"@TandaraCaixeta Corret√≠ssima, existem in√∫meras diferen√ßas que a op√ß√£o pelo g√™nero n√£o √© capaz de suprimi-las, engra√ßado que nunca vi mulher trans querer trabalhar no cais do Porto descarregando navio, nem em f√°brica de cimento carregando caminh√µes",https://www.twitter.com/Andrefsn29/status/1568373862328573954,2693,,,
1561892050324406272,@luizaerundina Vai pro asilo vov√≥,https://www.twitter.com/MARIOBRASIL38/status/1561892050324406272,2693,,,
1565048369025802242,"@marisa_lobo Vai de cara, Marisa Boba! ü§≠",https://www.twitter.com/AndreaFoltz3/status/1565048369025802242,2693,,,
1564063877549154305,@AriadnaArantes @jairbolsonaro Oferece o que vc j√° toma pois vc t√° acostumado ficar com esse bumbum guloso a disposi√ß√£o das hemorr√≥idas,https://www.twitter.com/glauberpg/status/1564063877549154305,1608,,,
1566587524792844290,@RaquelStasiaki Safado.. Por isso,https://www.twitter.com/caio_23_rubro/status/1566587524792844290,1924,,,
1571507783622696962,Eu queria t√° na carreata com a maior do RN ü•∫ @Isoldadantaspt,https://www.twitter.com/dyvetoria/status/1571507783622696962,23304,,,
1562237792251514880,"@joicehasselmann tra√≠ra, Quando chutarem teu traseiro l√° do congresso vou voltar aqui pra rir da sua cara.",https://www.twitter.com/diesamtb/status/1562237792251514880,1608,,,
1561869086887497729,@mariaarraespe Isso √© um carni√ßa Palha√ßo kkkkkk,https://www.twitter.com/Gersoncom3/status/1561869086887497729,1158,,,
1573108404104663040,"@valbolsonaro @tarcisiogdf Ah para de passar pano, sua doida hahahahahhahahhahahahah",https://www.twitter.com/loveuJanisJ/status/1573108404104663040,1608,,,
1566227097948983297,@Biakicis @taoquei1 Chora gadaiada,https://www.twitter.com/Robertvolei27/status/1566227097948983297,772,,,
1573103141146558466,@rosangelamorosp Marreca patife volta pro sua terra... Seu marido armou est√° patifaria e se deu mau..,https://www.twitter.com/jaicorrea/status/1573103141146558466,2693,,,
1572297209986830336,@samiabomfim Essas mulheres do grelo duro.,https://www.twitter.com/FelipeS50491089/status/1572297209986830336,1924,,,
1576404670074847233,"@juujuferrari Mas nem fodendo.... Ops, se foder junto comigo talvez eu vote",https://www.twitter.com/S3CR3T0SP/status/1576404670074847233,23304,,,
1573493691427209230,"@taliriapetrone √â marginal, √© corrupto, vagabundo e assassino.",https://www.twitter.com/Sandra2857/status/1573493691427209230,3578,,,
1561358510146961409,"@clauthompson Grana, minha cara.",https://www.twitter.com/AriehH5/status/1561358510146961409,180052,,,
1561301089001132032,@perpetua_acre @LulaOficial Kkkkk coitada de vc!,https://www.twitter.com/Jacquel48140265/status/1561301089001132032,5554,,,
1567467168094093312,@JulianaBrizola Ele virou chuchuca do bozo,https://www.twitter.com/wildsonm/status/1567467168094093312,772,,,
1560321135966932994,@juujuferrari agora ate as putas querem a mamata do governo,https://www.twitter.com/joselito633/status/1560321135966932994,1608,,,
1572964784479539200,"@alesilva_38 Vai l√° amigo,mas desbanque o dentu√ßo,que est√° emporcalhando o nome de MINAS GERAIS.",https://www.twitter.com/MarileideSoar22/status/1572964784479539200,23304,,,
1571181418541191169,"@lucianagenro @LulaOficial V√° assustar o c√£o , ruma de merda",https://www.twitter.com/MisaelXavier8/status/1571181418541191169,772,,,
1567679112646459392,@apropriajulia S√≥ tem pat√©tico!!,https://www.twitter.com/DjalmaFelixPei1/status/1567679112646459392,2693,,,
1563581951264829440,@najuliaribeiro Que cara rid√≠culo e al√©m de ser um hip√≥crita üôÑ,https://www.twitter.com/Fernand54490195/status/1563581951264829440,1924,,,
1562985327161376768,@adriventurasp Senta na graxa,https://www.twitter.com/DinoMiraglia/status/1562985327161376768,10176,,,
1566416096919535617,"@jfernandaBrasil @galloradical Essa quer engajamento, porque voto n√£o quer n√£o",https://www.twitter.com/cylene_d/status/1566416096919535617,180052,,,
1569352783589146624,@juujuferrari P√¥de gostosa,https://www.twitter.com/Gustavo34727785/status/1569352783589146624,772,,,
1576642582708637697,@reportersalles Onde voto uma urna parou 3 vezes outra 2 vezes,https://www.twitter.com/albuquerque918/status/1576642582708637697,180052,,,
1560711301969625089,@lucianagenro Que chatice!,https://www.twitter.com/ThadeuPenido/status/1560711301969625089,3578,,,
1566585328726671360,@juujuferrari Gatona linda,https://www.twitter.com/Antonio52560073/status/1566585328726671360,1608,,,
1562913979219189760,@adriventurasp O careca t√° completamente doido da cabe√ßa,https://www.twitter.com/LauroDuarte_/status/1562913979219189760,1158,,,
1572576110893998087,@tabataamaralsp Chora esquerdalha!,https://www.twitter.com/zeliaclaudia/status/1572576110893998087,3578,,,
1562478495120248834,@alesilva_38 Ele e oque kkkkkkkkkk chuchuchuca,https://www.twitter.com/RogerioSouzaMa4/status/1562478495120248834,1608,,,
1561044890850557953,@alesilva_38 Tudo vagabundos. https://t.co/yKdk4EN9H1,https://www.twitter.com/KauRoger/status/1561044890850557953,2693,,,
1562215499433496576,@silvianagata Rica Perrone √© um idiota,https://www.twitter.com/Kleber_SCR/status/1562215499433496576,2693,,,
1560000584098484224,"tem seborreia a calv√≠cie dele para na bunda ...üôÑüôÑe quer vir falar da nossa deusa rainha melhor de todas a mais bonita cheirosa carinhosa talentosa gostosa de fracasso,e por causa disso que eu deixe-o todos os f√£s da ariana xingar ele.
@AriadnaArantes",https://www.twitter.com/alanis_romao/status/1560000584098484224,1608,,,
1559650330777980929,@luceliaoficial @LulaOficial Ah sai da√≠ sua louca. Ou volta a fazer novela enquanto d√° tempo ou vai morar em cuba servindo ao LADR√ÉO de nine dedos,https://www.twitter.com/wvdps/status/1559650330777980929,1608,,,
1570839945962729477,@carollinesarda @KAlSERKILL mano que porra √© essa?,https://www.twitter.com/decepcionada_v/status/1570839945962729477,2693,,,
1576521074514087937,@jfernandaBrasil @thesouzagabs Se manca.,https://www.twitter.com/luttyshimanutri/status/1576521074514087937,3578,,,
1575554662635167744,@apropriajulia Eu vou com camiseta amarela votar e fod@se o cabe√ßa de piroc@,https://www.twitter.com/Maykon_Araujo85/status/1575554662635167744,2693,,,
1564589683597877249,"@bellagoncalvs proponho chamar de ""moleque de BH"" pras pessoas entenderem quem √©",https://www.twitter.com/MaciaVinicius/status/1564589683597877249,23304,,,
1559965938061086722,@joicehasselmann Sai fora porca traidora!!!,https://www.twitter.com/JordaoIara/status/1559965938061086722,772,,,
1565526042927931392,@andreiadejesuus @DilmaResiste Sujeito brasileiro. Pegaram a arma e ela n√£o √© de pl√°stico! Arma real e carregada com 5 proj√©teis! Evidente que √© um terrorista bolsonarista!,https://www.twitter.com/CarlosMarquesL3/status/1565526042927931392,10176,,,
1560381577959440389,"@_lucavalcante @rodrigogarcia_ @AssembleiaSP @carlaopignatari Rodrigo Doria √© governador raiz: que tipo de raiz... venenosa?
@rodrigogarcia_ @carlaopignatari @vcamarinha @Haddad_Fernando @tarcisiogdf @ViniciusPoit @elviscezar_ofc
‚ÄúA HORA DO PESADELO XXII‚ÄìTENTATIVA DE REELEI√á√ÉO DE RG‚Äù
*Chega de Confisco. PDL22J√Å!*
#RodrigoGarciaPesadelo https://t.co/lWLpVU95Gu",https://www.twitter.com/pdl_22/status/1560381577959440389,180052,,,
1576334770539110400,@celiaxakriaba Nova Serrana,https://www.twitter.com/janemightythor/status/1576334770539110400,23304,,,
1570502614881816576,"@reportersalles Agora ele ir√° chorar se ficar sabendo que vc o chamou de ""homem"".",https://www.twitter.com/Mateuspcmg/status/1570502614881816576,23304,,,
1563769174282960896,@FernandaLoubac2 @AndreJanonesAdv Esse a√≠ √© da pior esp√©cie. Que cara nojento.,https://www.twitter.com/enf_aloisio/status/1563769174282960896,3578,,,
1567632623580725249,"@Biakicis @jairbolsonaro Voc√™ √© uma pilantra, @Biakicis https://t.co/FWK0oHdyqm",https://www.twitter.com/lula13forever/status/1567632623580725249,2693,,,
1568200789209800706,"@southaferreira Vai dormir militonta!
Vc nao ganha nem para portaria do condom√≠nio!",https://www.twitter.com/molimaxv/status/1568200789209800706,2693,,,
1575885156602499072,Minha deputada federal √© @mariamarighella vamos galera! Baianas!,https://www.twitter.com/affarofa/status/1575885156602499072,10176,,,
1571135692184461313,@luizaerundina Parab√©ns! Este mundo precisa de v√°rias Luizas como a senhora!,https://www.twitter.com/MegMarceli/status/1571135692184461313,23304,,,
1565880234980827141,"@luizaerundina Apaga que t√° feio,n√£o deixa os metaleiros de verdade verem uma ofen√ßa dessas..",https://www.twitter.com/OficialFelipeLS/status/1565880234980827141,10176,,,
1572412951243685891,"@silvianagata @fravenriq Ah, v√°! Quem achou que ia ser ""almo√ßo gr√°tis""? 
Anistiaram o üêô, agora vem a contrapartida. 
A n√≥s, resta o esfor√ßo de juntar uns trocados, para comprar a maquiagem https://t.co/N2OHBjvgQp",https://www.twitter.com/MegaraG_K/status/1572412951243685891,180052,,,
1569833486089072640,"@luceliaoficial T√° tudo invertido
Hoje quem √© fascista s√£o aqueles
Que s√£o contra o sistema comunista
Quanta incoer√™ncia, hipocrisia √© o nome
Esquerda caviar, socialista de iPhone
Triplex do Guaruj√°, fortuna extravagante e p√°
Artistas de TV defendendo o PT
Mamando na lei Rouanet com gordo cach√™",https://www.twitter.com/prof_sel/status/1569833486089072640,2693,,,
1559955866094387205,"@CarolDeToni 2018 TEVE RECORDE DE ABSTEN√á√ÉO.
2022 P/QUE O MAL PREVALE√áA, BASTA O BEM N√ÉO FA√áA NADA, COMO QUEREM, (GALERA DO VOTO NULO DO MBL, LULA, MILITANTES DA TETA ESTATAL E BOZONARO) P/DEIXAR O MAL PASSAR.

ISSO QUE BOLSONARO E LULA QUEREM.N√ÉO PODEMOS ACEITAR ISSO.
https://t.co/RyUsIhmZCY",https://www.twitter.com/Mundosemwar/status/1559955866094387205,180052,,,
1572325014019473408,"@Zambelli2210 @jairbolsonaro Hahahaha hahahaha, piada n√©, acorda sua pateta, ü§°ü§°ü§°",https://www.twitter.com/joelmaifreitas/status/1572325014019473408,1924,,,
1576279313590018048,@mariaarraespe Vamos juntos minha federal,https://www.twitter.com/deocleciolira/status/1576279313590018048,23304,,,
1570050229784772609,@juliarochasim Mulher do c√©u pqp EU VOU NO M√âDICO AMANH√É,https://www.twitter.com/lawandalaana/status/1570050229784772609,3578,,,
1561015513450483713,@ReVillela1 Homem decente n√£o convive com v√≠boras q j√° perderam a moral !,https://www.twitter.com/AmandaBarros_N/status/1561015513450483713,3578,,,
1573405596090781696,"@ValeriaBnews Esse sujeito √© t√£o nojento que s√≥ posso vomitar quando vejo, ou√ßo ou escuto falar.ü§Æ",https://www.twitter.com/CarmelindaSi/status/1573405596090781696,1608,,,
1571172427580821506,@clauthompson Que mulher canalha,https://www.twitter.com/Olavo_JB/status/1571172427580821506,772,,,
1571876536718102529,"Foi assim que decidi votar na maravilhosa @mariamarighella ‚ù§Ô∏è‚ú® 

Quando trabalhei na C√¢mara como assessora de imprensa de outro vereador, tive a oportunidade de acompanhar (mesmo que de longe) o trabalho espetacular dela. Ella merece, por tudo que vi, me representar no Congresso",https://www.twitter.com/amandamazevdo/status/1571876536718102529,180052,,,
1567563502092435457,@EdianeMariaMTST Isto para mim √© s√≠ndrome de bananinha amolecida precisando de autoafirma√ß√£o,https://www.twitter.com/SilvieBA/status/1567563502092435457,10176,,,
1571315813595987971,@clauthompson Mas que piranha,https://www.twitter.com/Dadones/status/1571315813595987971,772,,,
1568391449204658176,@TandaraCaixeta vem falar isso aqui na minha cara pra eu te descer a porrada sua dopada do caralho https://t.co/SB0GCp1EoN,https://www.twitter.com/k8Araujo/status/1568391449204658176,1608,,,
1575529913737965569,"@EdianeMariaMTST N√£o distor√ßa a fala dela, ela n√£o disse que tem amigos negros, disse que tem pessoas na fam√≠lia dela (a sobrinha deve ter casado com um neg√£o e ter sido expulsa da fam√≠lia) e tem empregados negros...
Ela n√£o √© racista pq, pra ela, negro √© um tipo de primata que tem utilidade",https://www.twitter.com/alvaro_zaramela/status/1575529913737965569,5554,,,
1561004980261326848,@lidicedamata Vaza!!!!,https://www.twitter.com/JCooperusa/status/1561004980261326848,23304,,,
1575277488720183299,@Zambelli2210 Cabe√ßa de piroka improdutivo,https://www.twitter.com/TeixeiraWeldon/status/1575277488720183299,1158,,,
1568416509340286976,"@andreiadejesuus Mentira!
Os evang√©licos ali eram a minoria. O que tinha mesmo era MST de v√°rios lugares. Puxa saco intinerantes. Est√£o em todas. 
E al√©m disso, agrediram um homem no lado de fora, al√©m de quebrar o carro dele.",https://www.twitter.com/almiralves35/status/1568416509340286976,10176,,,
1562542727044050944,@juujuferrari @babymatosa Que mujeron y que ricas tetas tienes preciosa te lo chuparia todita,https://www.twitter.com/RalRos42714013/status/1562542727044050944,1924,,,
1563091886436679680,"@adriventurasp Hummmm, sentiu n√© ‚ÅâÔ∏èü§î J√° est√° at√© mentindo e passando vergonha.",https://www.twitter.com/williansrangel/status/1563091886436679680,23304,,,
1564336038063050752,"@CoronelRomualdo Boa tarde Coronel Cl√°udia, comecei a te seguir e agrade√ßo se puder me seguir de volta, afinal n√≥s devemos nos unir contra esse comunismo sedento pra voltar na cena do Crime. Deus te Aben√ßoe. üôèüáßüá∑üí™",https://www.twitter.com/PatriotaDeejay/status/1564336038063050752,180052,,,
1576009596250238976,@joicehasselmann S√≥ criou vc n√© sua porca kkkk,https://www.twitter.com/MrciaReginaVie8/status/1576009596250238976,1608,,,
1576133295103823874,@joicehasselmann Nem para vereadora essa a√≠ ganha kkkk,https://www.twitter.com/LeoviniBR/status/1576133295103823874,5554,,,
1564052450037964801,@samiabomfim Vc est√° rm Narnia? Nunca um ladr√£o vai governar o meu pa√≠s.,https://www.twitter.com/SandraAldrighi/status/1564052450037964801,23304,,,
1572222999222448129,@ErikakHilton @_tuitatensa Brasileiros n√£o. S√≥ os mortadeleiros. Principalmente os agregados com criminosos.,https://www.twitter.com/Jean_PFO/status/1572222999222448129,5554,,,
1559884930200604672,@luizaerundina DOIS MORIBUNDO! FORMOL NA VEIA kkk,https://www.twitter.com/val_eraldo/status/1559884930200604672,10176,,,
1576053467428245505,@majorfabianadep @RomarioOnze S√≥  um drogado !!!,https://www.twitter.com/joseli_bueno/status/1576053467428245505,1924,,,
1574940918599516160,"@danimontpsol Freixo precisa atacar,ta so tomando soco e ficando calando 0 indigna√ß√£o ai to quase indo la gritar acorda bichaaaaa",https://www.twitter.com/euraibolt/status/1574940918599516160,5554,,,
1568638849903108098,@TandaraCaixeta Falando merda com o rabo cheio de ostarina.,https://www.twitter.com/tico_moraes71/status/1568638849903108098,772,,,
1564576412211740672,@ateixeiradias Todo baba ovo do verme,https://www.twitter.com/Ronaldoprimomar/status/1564576412211740672,1608,,,
1565386748326252546,@AriadnaArantes @jairbolsonaro @LulaOficial Kkkkk ‚ô•Ô∏è,https://www.twitter.com/AndreaMattos21/status/1565386748326252546,180052,,,
1576008613080207360,@Zambelli2210 Para de abrir essa boca pra falar besteira! ü§Æ,https://www.twitter.com/AndretaCassio/status/1576008613080207360,3578,,,
1572047034420527106,"@juliarochasim Mulher, eu fico at√© besta, como pode?!",https://www.twitter.com/HundiracomH/status/1572047034420527106,3578,,,
1567142459464945665,@alesilva_38 #BolsonaroNoPrimeiroTurno #BolsonaroReeleito #Bolsonaro2022,https://www.twitter.com/Shay_Mendes/status/1567142459464945665,180052,,,
1559888612745003010,"@TandaraCaixeta L√≥gico que vai entrar pra pol√≠cia, j√° tem tudo que precisa: homof√≥bica, transf√≥bica, desonesta, usa droga‚Ä¶ j√° montou o perfil certinho pra conquistar os bolsominions ü§¢",https://www.twitter.com/itsisatt/status/1559888612745003010,2693,,,
1576154360551464961,@ateixeiradias QUE MORAL VOCE TEM? https://t.co/TDwaVibtKJ,https://www.twitter.com/BeardedAntifa3/status/1576154360551464961,180052,,,
1563503144910585861,@Biakicis S√≥ vagabundo,https://www.twitter.com/JorgeFriedrich2/status/1563503144910585861,772,,,
1566981363672260611,@samanthacavalca A porca vai te jantar √© cedo kkkkkk,https://www.twitter.com/torquatodacosta/status/1566981363672260611,1608,,,
1573694522227163136,@VaiPaolla Bonito √© votar em um ladrao n√©!?,https://www.twitter.com/CaioPatara/status/1573694522227163136,23304,,,
1559911317359759363,@monicafraga Tem olhos de gente ruim.,https://www.twitter.com/IvanLim66019599/status/1559911317359759363,5554,,,
1564764998169235458,@ateixeiradias S√≥ pilantras apoiando esse ex presidi√°rio lula lixos,https://www.twitter.com/Marcelo31837833/status/1564764998169235458,1924,,,
1565864561718296576,@beatrizcaminha @JanjaLula Coitada!,https://www.twitter.com/luciairene86/status/1565864561718296576,1924,,,
1568032085415264256,@gabysantospdt O bolsocirismo √© real!!! Agora vem as fakes,https://www.twitter.com/Luizdopt13/status/1568032085415264256,23304,,,
1568378321830055936,√¥ @TandaraCaixeta  se vc tivesse de boquinha fechada acho que vc falaria menos merda que o pr√≥prio Bolsonaro,https://www.twitter.com/futaba_sakura00/status/1568378321830055936,2693,,,
1564340922980106241,"@samanthacavalca E quem √© vc realmente,uma pessoa odiosa, miser√°vel d√©bil metal piscopata inverterada,mil√≠ciana imb√©cil ot√°ria e apoiadora de um vagabundo mil√≠ciano desgracado negacionista genocida BOZOVIRUS dos quintos dos inferno,vai te pra pqp",https://www.twitter.com/CarlosE46781451/status/1564340922980106241,772,,,
1570799035845607426,@CarinaBelome @DriDias_SP Belom√© merece que a gauchada coloquem ela na camara federal ela √© uma patriota RAIZ,https://www.twitter.com/fgomescabral1/status/1570799035845607426,1608,,,
1575948502110175237,@reportersalles Chama o padre pra exorcizar a rua agenda!,https://www.twitter.com/ddamota/status/1575948502110175237,10176,,,
1566557596194148352,@juujuferrari Linda gostosa belos seios,https://www.twitter.com/Ronaldoappoli11/status/1566557596194148352,772,,,
1569744554630283264,@juujuferrari Gostosa juju,https://www.twitter.com/Raimund97859836/status/1569744554630283264,772,,,
1561477003672539137,@joicehasselmann @fpassos1964 Parece  com vc  pepa,https://www.twitter.com/ChirleiaDos/status/1561477003672539137,1158,,,
1569417409001410560,@juujuferrari Vai sair pelada na esplanada???,https://www.twitter.com/OtavioSfe/status/1569417409001410560,5554,,,
1570935252989935616,"@mariamarighella @lennonescreveno @ErikakHilton ahhhhhhhhh, s√≥ queria o meu follow, queen ‚ù§Ô∏èüëë",https://www.twitter.com/caiquedaltro/status/1570935252989935616,180052,,,
1575677837021184000,@southaferreira Coisa horr√≠vel ouvir esse padre fake a√≠ falando qualquer coisa,https://www.twitter.com/alicedemouraa/status/1575677837021184000,5554,,,
1574726038801768448,"@deppimentel @gnatalini Fala tra√≠ra,t√° preparada pra perde na Bahia n√©? N√£o esquecemos de voc√™!",https://www.twitter.com/Rodrigo57699547/status/1574726038801768448,10176,,,
1564085289731096576,@luceliaoficial BOLSONARO ODEIA AS MULHERES,https://www.twitter.com/DistopiaBrazil2/status/1564085289731096576,3578,,,
1572717065773142018,"@gleisi vc √© doente, s√≥ pode...",https://www.twitter.com/LcCita/status/1572717065773142018,5554,,,
1574946206865772545,"@danimontpsol Mas Freixo tamb√©m, farinha do mesmo saco.",https://www.twitter.com/MelloMoralles/status/1574946206865772545,23304,,,
1572075489157648385,@tabataamaralsp Minha senhora tu t√° com Lula kkkk,https://www.twitter.com/Guilher91901609/status/1572075489157648385,2693,,,
1575884648076693504,@ErikakHilton Ta na cara que ele bem tomou as doses da vacina e veio com esse papo que n√£o  presta. V√©io safado,https://www.twitter.com/BielaUai/status/1575884648076693504,1158,,,
1571462976452067333,"@caroldartora13 Imagine a situa√ß√£o dos coitados moradores, est√£o pagando penit√™ncia escutando essa barulheira infernal de mal gosto",https://www.twitter.com/AjottaRomao/status/1571462976452067333,3578,,,
1573345741719879680,"@danimontpsol O povo estava com toda raz√£o. Lixo deve ser jogado fora mesmo. Sem pena. 

O RJ √© 100% bolsonarista merm√£o. Quem n√£o aceita isso √© esquerdista fracassado.",https://www.twitter.com/Bruno__Rogers/status/1573345741719879680,5554,,,
1573019935559020544,@JulianaBrizola voc√™ √© mal educada n√© senhora? CREDO.,https://www.twitter.com/1234semideias/status/1573019935559020544,10176,,,
1562846073109893126,@AriadnaArantes @viihtube @victoriabeckham B E L I S S I M A !!! ‚ù§Ô∏èüí•,https://www.twitter.com/HughFernandezSP/status/1562846073109893126,180052,,,
1560530350455115777,"@apropriajulia Escroto, b√™bado.",https://www.twitter.com/RuiRezende5/status/1560530350455115777,10176,,,
1564074624253566977,"@juliarochasim Sim, t√° concentrando os esfor√ßos no Lula e t√° afagando o Bozo",https://www.twitter.com/luizvinisoares/status/1564074624253566977,10176,,,
1566754705493180417,"@samiabomfim Kkkkkk kkkkk os canalhas ca√≠ram do üêé, Chola comunas, sauda√ß√µes Bolsonarianas üáßüá∑üáßüá∑ü´°ü´°",https://www.twitter.com/Marcosportugue7/status/1566754705493180417,1158,,,
1574163034603503616,@jandira_feghali Que o fuj√£o √© ladr√£o,https://www.twitter.com/ClaudineiAurli1/status/1574163034603503616,1158,,,
1572966476214059010,@alesilva_38 S√≥ pode ser coisa do dentu√ßo.,https://www.twitter.com/MarileideSoar22/status/1572966476214059010,5554,,,
1561199948347199493,@alesilva_38 @tarcisiogdf @jairbolsonaro Voc√™ √© imbecil mesmo ou s√≥ mau car√°ter?,https://www.twitter.com/CleberP5/status/1561199948347199493,10176,,,
1564075924768841730,@CarinaBelome @michelyfarina Os intervalos deve ter tomado o gor√≥ dele ‚Ä¶ o alco√≥latra corrupto n√£o abandona a cacha√ßa .,https://www.twitter.com/RenataUmiji/status/1564075924768841730,1924,,,
1575520765234991105,@AriadnaArantes @LulaOficial Quem √© essa ?,https://www.twitter.com/MichellMicheljn/status/1575520765234991105,180052,,,
1564068580844605440,@fernandabarth Esta Sra. TEBET √© que envergonha todas as mulheres. Oportunista de primeira hora.,https://www.twitter.com/lianenabinger/status/1564068580844605440,1608,,,
1568077730062671872,"@JulianaBrizola Fofa...Vc vota no siro porque brinca com a agonia do povo brasileiro, porque vc n√£o √© burra e sabe que o siro com 7% de inten√ß√µes de votos n√£o vira nem s√≠ndico de pr√©dio...Portanto...Vcs n√£o servem ao povo brasileiro! S√ì GOELA!",https://www.twitter.com/GPitoll/status/1568077730062671872,2693,,,
1574100231704412161,@CarolDeToni Toma safada,https://www.twitter.com/Robson26559835/status/1574100231704412161,772,,,
1562057035696455683,@tabataamaralsp @Anitta Kkkkkkkkkkk a Teletubbies t√° indo de base ü§°ü§°,https://www.twitter.com/pretinhodebh26/status/1562057035696455683,23304,,,
1561716445633019904,@VaiPaolla @MST_Oficial Essa ra√ßa de Bolsonaro tem que ir tudo pra cadeia,https://www.twitter.com/ElzaSou36767280/status/1561716445633019904,5554,,,
1565767190049161216,"@apropriajulia @PATRlOTAS Feminista esquerdalha, servi√ßal do lula no ‚Äú debate‚Äù da globolixo!",https://www.twitter.com/Franqu1Benedito/status/1565767190049161216,1608,,,
1570058278544998403,@juujuferrari gostosa perfeita üòç,https://www.twitter.com/joel_4954/status/1570058278544998403,1158,,,
1568039615231102977,@majorfabianadep Mais uma babaquice fake News feia do jornalismo lun√°tico esquerdopata louco de plant√£o,https://www.twitter.com/SoutelloCarlos/status/1568039615231102977,1608,,,
1562160081449385985,@Biakicis Ah v√° se fuder,https://www.twitter.com/Marcosfbonavide/status/1562160081449385985,772,,,
1575680346687152128,@bellagoncalvs E ainda √© uma amea√ßa √† nossa serra,https://www.twitter.com/_car0lzinha/status/1575680346687152128,23304,,,
1575683323346780161,@ReVillela1 Que mui√© mais chata!,https://www.twitter.com/CardosoEsposito/status/1575683323346780161,1924,,,
1566072996028387328,"@Alice_Portugal Cad√™ as provas ?
Vai ser processada !
Para esse povo adorador de bandido, inocente √© o LULALADR√ÉO !",https://www.twitter.com/FantomasDr/status/1566072996028387328,23304,,,
1560716928381063170,@taliriapetrone A papuda espera esse genocida.,https://www.twitter.com/IvaldoMartins7/status/1560716928381063170,1924,,,
1561303843199193089,"@Biakicis Rid√≠cula vai tomar no cu, mentirosa de merda",https://www.twitter.com/DGOliver8/status/1561303843199193089,772,,,
1568207638046949377,"@juh_guerra21 @xo_quey √© pq eles conhecem a hist√≥ria dela!!! igual as lulista do twitters. assistiram DE CRAUN, um √çCONE girl power ü´°ü´°ü´°",https://www.twitter.com/virgnewss/status/1568207638046949377,23304,,,
1565354690778345473,"@erikakokay üòÇüòÇüòÇüòÇ O kpta t√° vendo vc delirar hein v√©ia, n√£o abaixa pra amarrar o sapato n√£o que ele te puxa!",https://www.twitter.com/Annedias_cr/status/1565354690778345473,1924,,,
1565368470216359944,@erikakokay √âGUA ESSA DOIDA T√Å SURTANDO KKKKKK,https://www.twitter.com/GersonVeras1/status/1565368470216359944,772,,,
1571526346257448962,"@lucianagenro tens meu voto
para deputada estadual ‚ù§Ô∏è",https://www.twitter.com/claugarmendia/status/1571526346257448962,180052,,,
1566563707244756994,"@FernandaLoubac2 @LulaOficial Arrancam o coro de quem trabalha e a alma de quem emprega. 

Ou da a parte deles + inumeros impostos para sustentar cabide de emprego no governo para in√∫teis ou quebra.",https://www.twitter.com/lfeh_oliveira/status/1566563707244756994,23304,,,
1572695024919318531,"@joicehasselmann Pepa, vai chafurdar na bosta, vai!",https://www.twitter.com/tiberioEIRE/status/1572695024919318531,772,,,
1571894066127994885,@marisa_lobo Nojo de ‚Äúpessoa‚Äù,https://www.twitter.com/QRG707/status/1571894066127994885,23304,,,
1562975687790960640,@marisa_lobo Teu ‚Äúpresidente‚Äù que n√£o consegue se comunicar sem gritar e falar palavr√£o,https://www.twitter.com/phxavante/status/1562975687790960640,3578,,,
1568678519982686209,"@TandaraCaixeta Belo exemplo, dopada no 171...dessa esc√≥ria n√£o salva um.",https://www.twitter.com/nilsonbjr/status/1568678519982686209,1924,,,
1575178017797611520,@juliarochasim N√£o pode ser ruim viver numa cidade que tem @DhiRibeiro01,https://www.twitter.com/MeuOlhoCinico/status/1575178017797611520,180052,,,
1571433542659227651,@rosangelamorosp nojenta ... v√° se ferrar desgra√ßa,https://www.twitter.com/teagahbeck/status/1571433542659227651,772,,,
1567561936098787333,@Zambelli2210 Mule sem tes√£o.,https://www.twitter.com/FredSan59369180/status/1567561936098787333,1158,,,
1564281242442514432,@majorfabianadep Tu √© uma canalha safada.,https://www.twitter.com/BeteBustamante/status/1564281242442514432,772,,,
1565876442327556096,@carollinesarda √â muito burro kkkkkk,https://www.twitter.com/irazer1/status/1565876442327556096,1608,,,
1573113296466706434,"@_lucavalcante Estamos vivos e votamos! Pare j√° com esse confisco revoga o decreto.
Traidores dos apos. N√ÉO ser√£o eleitos em 2022!

@PSDB_SP
@UOLNoticias
@carlaopignatari
@PSDBoficial
@rodrigogarcia_ 
@AssembleiaSP
@tvglobo
@CNNBrasil
#RodrigoGarciaCruel",https://www.twitter.com/tuca0217/status/1573113296466706434,180052,,,
1568018360260251648,"@gabysantospdt Pra cima deles, Gabi.",https://www.twitter.com/bruno_ozuna/status/1568018360260251648,10176,,,
1560960467639599104,"@lucianagenro Ah, v√° se catar, sua louca.
Luta sem tr√©guas o escambau!
Chamar o biroliro de tchuchuca √© lgbtfobia? Voc√™ parou de tomar seus rem√©dios???
Que luta ferrenha voc√™ trava que vai se preocupar com isso? Melhore!",https://www.twitter.com/DivanyHernandes/status/1560960467639599104,1608,,,
1576503172465856513,@Zambelli2210 Que  mulher  chata üôÑ,https://www.twitter.com/vmontventura/status/1576503172465856513,1608,,,
1565849060715773952,@andreiadejesuus Isso n√£o canta por... Nenhuma . Um lixo. Ningu√©m liga pra essa merda.,https://www.twitter.com/ObelarObelar33/status/1565849060715773952,5554,,,
1563688480517005314,@samiabomfim Desqualificada in√∫til,https://www.twitter.com/NevesBarone/status/1563688480517005314,1158,,,
1561108688521383942,"@gleisi Aqui no Piau√≠ voc√™s n√£o ganha mais nada nem um copo com √°gua 
Seus verm3s 
Sempre usaram a humildade dos nordestinos para se eleger mentiram e mentiram pra gente 
Mais hoje estamos de olhos bem arregalados
E somos @jairbolsonaro",https://www.twitter.com/IVANALENCAR5/status/1561108688521383942,23304,,,
1575864809014415361,@CarolDeToni Vai ficar se ter o que chupar,https://www.twitter.com/gllima1009/status/1575864809014415361,1608,,,
1572672394195767296,@AriadnaArantes @LulaOficial @geraldoalckmin Um saqueou o Brasil o outro as merenda das escolas de s√£o Paulo kkkkkkkkk cuidado hein anda de bijuterias e sem carteira e celular perto desses caras,https://www.twitter.com/glauberpg/status/1572672394195767296,2693,,,
1566400062518968320,"@Izalourenca @LulaOficial Bom dia, deputada!",https://www.twitter.com/FalabellaCida/status/1566400062518968320,180052,,,
1566280613652725760,"@mariamarighella @acmneto_ @MST_Oficial @lucinhadomst O grampinho tem medinho do mst. √â covardezinho e ta desesperadinho, o coitadinho...",https://www.twitter.com/caravaggiotto/status/1566280613652725760,3578,,,
1573355050990288896,@beatrizcaminha BORA BIAAAAA,https://www.twitter.com/legiao_ls05/status/1573355050990288896,3578,,,
1574001487684009986,"√â tudo muito bem orquestrado. Coloca jornalista comprado pra fazer a propaganda pra ela, coloca uma descida particular em nome de Lula (pq a for√ßa dela s√≥ arrasta a velha bolha comissionada). S√≥ assim mesmo viu, @Isoldadantaspt
A cada dia mais, aumentando o ran√ßo dos potiguares",https://www.twitter.com/EdnaCalixto1/status/1574001487684009986,23304,,,
1575682872035676162,"@EdianeMariaMTST Esse padre de festa junina tem q responder por falsidade ideol√≥gica 

#DebateNaGlobo #luladay 
LULA NO PRIMEIRO TURNO",https://www.twitter.com/Gisele_Ribeir0/status/1575682872035676162,180052,,,
1566091246061424641,@jfernandaBrasil EXATO!! üëç,https://www.twitter.com/Jacque27moura/status/1566091246061424641,180052,,,
1560986142656299008,@lidicedamata @LulaOficial kkkkkk mais uma que n√£o vai se eleger,https://www.twitter.com/Mervin3d/status/1560986142656299008,23304,,,
1564078741420216320,@CarinaBelome @SorayaThronicke Ela falou da fome mas anda de jatinho o tempo todo. Doe este dinheiro do fund√£o demagoga,https://www.twitter.com/MarisaHeimann/status/1564078741420216320,2693,,,
1567960921137627136,@southaferreira mais uma colonialista de merda morrendo de velha,https://www.twitter.com/geogael_/status/1567960921137627136,772,,,
1570970353303781377,@karensantospoa Kkkkk maioria era paga q vergonha kkkkkkk,https://www.twitter.com/RodrigoCVieir/status/1570970353303781377,5554,,,
1561884109789601793,"@luizaerundina Cala boca Palmirinha, velha gorda",https://www.twitter.com/wendel_pierce/status/1561884109789601793,772,,,
1573073845908606978,@tabataamaralsp Que decad√™ncia em tabata?!!! https://t.co/Sr8oXUz9rB,https://www.twitter.com/AciolyJuliana/status/1573073845908606978,180052,,,
1564819892972421120,@samiabomfim Canalha!,https://www.twitter.com/FranciscaJacia3/status/1564819892972421120,1924,,,
1567942580737810433,"@samiabomfim Hip√≥crita, falsa moralista. Aaiii, nooossa, falou ""imbrochavel"", meu Deussssss. Esquerdistas s√≥ tem merda*na cabe√ßa. Ohhhh, inveja do MITO https://t.co/940wLzue7f",https://www.twitter.com/alli_franca/status/1567942580737810433,1608,,,
1576284797105672197,Que energia gostosa a carreata de @mariamarighella passando aqui na janela ‚ù§Ô∏èü•∞,https://www.twitter.com/arizinhasouza/status/1576284797105672197,10176,,,
1560046600319287299,@SomosTocantins KKKKKKKKKKKKKKKKKKKKKKKKKKK GENIALLLL,https://www.twitter.com/colemanmcj_/status/1560046600319287299,10176,,,
1564604268878913537,"@vanessa_grazz @veramagalhaes Que vergonha mais um destorcendo a realidade, a jornalista aproveitou a visibilidade midi√°tica para atacar o atual presidente, com a narrativas que j√° foram explicadas e desmentidas, foi um ato de milit√¢ncia, os telespectadores perceber√£o e n√£o est√£o sendo mais manipulados
 #B22",https://www.twitter.com/NardiPoli/status/1564604268878913537,180052,,,
1574168831001436160,@isabelladroldao @cirogomes Vai ver e por conta disto que vai apoiar Bolsonaro pois o que vai restar a ele e algum minist√©rio inventado pelo ABESTADO üôÜüèº‚Äç‚ôÄÔ∏èü§¶üèº‚Äç‚ôÄÔ∏è,https://www.twitter.com/Kelly78637956/status/1574168831001436160,23304,,,
1563333277292761093,"@Biakicis Poe bode na sala , tira bode da sala",https://www.twitter.com/Alexand49462482/status/1563333277292761093,3578,,,
1562982852765315072,@adriventurasp Deixa de ser canalha,https://www.twitter.com/Salvadorarruda1/status/1562982852765315072,1158,,,
1560422854084231168,@marinahelenabr Sempre criando penduricalhos para aumentar o sal√°rio alt√≠ssimo cada vez mais. Canalhas!,https://www.twitter.com/vitolinosccp/status/1560422854084231168,2693,,,
1571924786019962880,@majorfabianadep @jairbolsonaro Grande bosta,https://www.twitter.com/gattijc/status/1571924786019962880,772,,,
1568734310382829569,@Zambelli2210 @ECantanhede Ladr√£o cala boca seu brocha,https://www.twitter.com/gilmar_schuster/status/1568734310382829569,772,,,
1562024756144111616,@DaianeMels Essa mulher e a famosa quem ??! N√£o conhe√ßo ?ü§∑üèª‚Äç‚ôÄÔ∏èü§∑üèª‚Äç‚ôÄÔ∏èMais uma dando de v√≠tima. Essa envergonha as mulheres.,https://www.twitter.com/GeorgianaPizani/status/1562024756144111616,2693,,,
1574151544915853314,"@natbonavides @BaianaSystem @festivalmada A cada dia dia que se passa mais nojo, vcs nos d√£o,  bando de oportunistas baratos, prostitutas pol√≠ticas que vivem a roubar o nosso dinheiro e rindo da nossa cara. Mas tudo que come√ßa teu seu fim inclusive essa maldita esquerda",https://www.twitter.com/nicecamposB38/status/1574151544915853314,3578,,,
1575137047412719616,@juh_guerra21 Deus nos livre desse lixo da esquerda.exorcisa ja,https://www.twitter.com/Webera930Weber/status/1575137047412719616,10176,,,
1559912434919510018,@monicafraga Pra mim ele sempre parece estar possu√≠do‚Ä¶,https://www.twitter.com/_AllanSilva74/status/1559912434919510018,10176,,,
1571510849247891457,@clauthompson @horripilante Mau caratismo da petista sem no√ß√£o!,https://www.twitter.com/valdecilima50/status/1571510849247891457,10176,,,
1564266491813445636,"@valbolsonaro @mfriasoficial Engrossando o caldo de piranha, digo, tra√≠ra‚Ä¶",https://www.twitter.com/LibmanSilvia/status/1564266491813445636,1924,,,
1559939073548206087,@VaiPaolla @LulaOficial Para de usa droga. Vcs est√£o cada vez mais tapados e burros.,https://www.twitter.com/RAnBTT/status/1559939073548206087,5554,,,
1574951221060050944,@Izalourenca o pestana falando pra deixar o telefone do pimentel com o zema üó£üó£üó£,https://www.twitter.com/kennedyx__/status/1574951221060050944,10176,,,
1563381843839184897,"@apropriajulia Presidente n√£o, candidato kkkk",https://www.twitter.com/ThiagoBispo86/status/1563381843839184897,23304,,,
1576630948237803520,@VandaWitoto Que badz√© lhe encaminhe para vit√≥ria parenta ‚ù§Ô∏è,https://www.twitter.com/Karibuxi/status/1576630948237803520,5554,,,
1575692964138913792,"@lucianagenro Engravatado novo que tem dado um show nos engravatados velhos, √© fato.",https://www.twitter.com/adair_sousa/status/1575692964138913792,3578,,,
1564252864721166337,@Zambelli2210 A mulher √© t√£o sem no√ß√£o que ainda repete esse tipo de absurdo.,https://www.twitter.com/lisiannesantosl/status/1564252864721166337,1924,,,
1565346655473631239,@erikakokay Deve ser maconha estragada que essa mulher fumou ü§¶üèΩ‚Äç‚ôÇÔ∏èü§£ü§£,https://www.twitter.com/Rafaelsilvatmr1/status/1565346655473631239,2693,,,
1564436094120255494,@juh_guerra21 Camarada urge a necessidade de escaneaR e subir no marxists,https://www.twitter.com/_ottoneue/status/1564436094120255494,180052,,,
1568371489262698497,"@TandaraCaixeta T√° cert√≠ssima, um homem trans nunca deixar√° de ter a for√ßa de homem, portanto; n√£o deve competir com mulher! #SomosTodosTandaraCaixeta",https://www.twitter.com/Mrcio58829818/status/1568371489262698497,10176,,,
1570072417619542018,"@ValeriaBnews Douglas n√£o √© Bolsonarista, √© PATATISTA",https://www.twitter.com/mouraedu2/status/1570072417619542018,5554,,,
1562970588091600896,@juujuferrari Me deu uma vontade de chupar uma üçâ agora üòãüòã,https://www.twitter.com/divulgador_gp/status/1562970588091600896,2693,,,
1576155965342515200,@ateixeiradias Menina vc parece a Paula Fernandes rsr,https://www.twitter.com/LeandroFp79/status/1576155965342515200,2693,,,
1574022361833250816,"#LulaNo1¬∫Turno 
@gleisi 1313 https://t.co/y2NtZRCyLQ",https://www.twitter.com/GerezVera/status/1574022361833250816,180052,,,
1563019244878852097,@juujuferrari Que xotao em juju chupo VC toda ia fazer VC gozar na minha boca,https://www.twitter.com/furt_andre/status/1563019244878852097,772,,,
1560911524318875649,"@lidicedamata @LulaOficial Suspende o √°lcool, maluca!",https://www.twitter.com/C_3PO_Gabriel/status/1560911524318875649,1158,,,
1575968462786396160,@luizaerundina Saiu du bueiro mulher?! Volta pelamor!!!,https://www.twitter.com/edu_curci/status/1575968462786396160,2693,,,
1575536496656134145,@Izalourenca BH √© um reduto bozoloide‚Ä¶ t√° foda,https://www.twitter.com/Alexandrafrei15/status/1575536496656134145,1924,,,
1565864237502763013,@beatrizcaminha @JanjaLula T√° de sacanagem ??,https://www.twitter.com/CelioMachado16/status/1565864237502763013,2693,,,
1569866945796935683,"@JulianaBrizola Sabatina com RATINHO √© putaria viu. Precisa disso n√£o, Ciro!",https://www.twitter.com/levidocrato/status/1569866945796935683,1158,,,
1568654263277977601,@TandaraCaixeta Deus √â Contigoüôè,https://www.twitter.com/EduSant07613398/status/1568654263277977601,180052,,,
1570968721375776768,"@lucianagenro @LulaOficial Meu bichim, que a porca vai comerüê∑üê∑üê∑üê∑üê∑ sabor caninhaaaaaasssssss",https://www.twitter.com/PINHEIRO2122/status/1570968721375776768,1608,,,
1562951486593650689,"@Zambelli2210 Cara idiota,igual a vc.
Esse √© outro pilantra.",https://www.twitter.com/MarinalvaENEDI1/status/1562951486593650689,1608,,,
1560412056716808195,@southaferreira E o caetano velozo pegou uma de 13,https://www.twitter.com/jpppnews/status/1560412056716808195,3578,,,
1575190568686080002,"@rosangelamorosp Huahuahuahuahua 
Al√©m de conja √© tbm piadista",https://www.twitter.com/DianinGilda/status/1575190568686080002,1608,,,
1575377164945473536,@perpetua_acre Engra√ßado √© saber que os seguran√ßas dela n√£o usam armas. Velha hipocrita. Feia!,https://www.twitter.com/Dilectus39/status/1575377164945473536,1158,,,
1570221983224451072,@joicehasselmann @tarcisiogdf Pepinha de troia aceita que d√≥i menos..kkkkk,https://www.twitter.com/DuarteKaley/status/1570221983224451072,3578,,,
1574770212687290369,"@andreiadejesuus T√° amarrado, essa bandido ai",https://www.twitter.com/EuEwerMan/status/1574770212687290369,1924,,,
1561895497782231040,@joicehasselmann Pepa coitada digna de pena !,https://www.twitter.com/cristauani1/status/1561895497782231040,1608,,,
1567456287373279234,"@anarosa_ba Esse e tantos outros s√£o as vozes dos c√£es de ca√ßa, enquanto ele √© s√≥ demagogia e espuma. Uma farsa!",https://www.twitter.com/EvandroVieiraJr/status/1567456287373279234,10176,,,
1564886040216756224,@tabataamaralsp Voc√™ √© doente.,https://www.twitter.com/dynamicrodrigo/status/1564886040216756224,10176,,,
1571938759196946432,@taliriapetrone Jamais! Aqui √© Bolsonaro 22,https://www.twitter.com/cjpabreu/status/1571938759196946432,23304,,,
1572744277209534464,"@CoronelRomualdo @jairbolsonaro Que coisa pat√©tica, minha senhora. Toma vergonha na cara",https://www.twitter.com/dannamagno/status/1572744277209534464,10176,,,
1568394701119569920,@Adriana_Accorsi üëèüëèüëèüëè,https://www.twitter.com/EvaldoPl/status/1568394701119569920,180052,,,
1575204029705375744,@perpetua_acre Rid√≠cula,https://www.twitter.com/Igormarcon_/status/1575204029705375744,5554,,,
1564046317336379395,@anarosa_ba @GabFontes002 Eu acho que ele n√£o sabe onde se meteu.,https://www.twitter.com/SrgioAlberto20/status/1564046317336379395,23304,,,
1567968424223207424,@dudahidalgo13 nojo desse homem,https://www.twitter.com/junioracc_/status/1567968424223207424,2693,,,
1569870641175711744,"@rosangelamorosp Tem que dizer que ele √© ex juiz , @SF_Moro  estelionat√°rio 171 se passando por o que n√£o √© !  Diz no v√≠deo que √© juiz ???",https://www.twitter.com/lulalivre23/status/1569870641175711744,180052,,,
1562018497445642241,@joicehasselmann Ooo coitada,https://www.twitter.com/rac12_oficial/status/1562018497445642241,1608,,,
1562973894855651328,"@samiabomfim @SF_Moro Nossa, Samia. Cuidado com a indigest√£o, amiga kkkkkkkkkkk",https://www.twitter.com/liciamaracaipe/status/1562973894855651328,10176,,,
1569061713034493952,"√â importante que o poder p√∫blico n√£o fique alheio e atue com pol√≠ticas p√∫blicas nesse tema, como √© a lei 11.055/22, de autoria de @isoldadantaspt, que aborda o direito ao tratamento de sa√∫de com Cannabis, o incentivo √† pesquisa sobre o uso medicinal e a divulga√ß√£o de informa√ß√µes.",https://www.twitter.com/brisabracchi13/status/1569061713034493952,180052,,,
1573396038446354432,@rosangelamorosp Volte pra merda do teu estado pilantra dos quadrilheiros de curitiba. Tenha vergonha na cara.,https://www.twitter.com/BOJANGL35270963/status/1573396038446354432,1608,,,
1570752597069565955,@ValeriaBnews @tarcisiogdf Agress√£o covarde como todo esquerdista.,https://www.twitter.com/marromcristina/status/1570752597069565955,5554,,,
1569445172186083328,@gleisi @MarinaSilva Vcs s√£o hip√≥critas. Sujos e  ladr√µes,https://www.twitter.com/GracaCesar1/status/1569445172186083328,2693,,,
1562607038311858176,@juujuferrari Super gostosa quem dera conhecer um dia üí¶üíçüî•,https://www.twitter.com/Rafa05963681/status/1562607038311858176,10176,,,
1575849673201373185,@EdianeMariaMTST Playboy safado!!!!,https://www.twitter.com/KlebaoCaracas/status/1575849673201373185,772,,,
1568299621520232449,@juh_guerra21 √îoooo gera√ß√£o chata do caraleoooo,https://www.twitter.com/EtoreEda/status/1568299621520232449,3578,,,
1561374980507566080,"@lidicedamata @LulaOficial Vai ser preso como todo ladr√£o mau car√°ter, block",https://www.twitter.com/WagnerWf50/status/1561374980507566080,1924,,,
1572322176321323008,@samiabomfim surtada seus dias est√£o contados,https://www.twitter.com/Marines80338876/status/1572322176321323008,5554,,,
1573069006923501568,@natbonavides Kkkkkkkkkkk √© verdade esse bilete,https://www.twitter.com/Claudinhozica22/status/1573069006923501568,1608,,,
1571195636292141056,@clauthompson A cara nem arde!,https://www.twitter.com/Roger_farma/status/1571195636292141056,23304,,,
1568008335512973313,"@gabysantospdt @monicabolsasr Indentitarismo de goela ainda jogaram PSOL no esgoto que antes disso ja tava recebendo grana pra desatrelar o indentitarismo da ideia de desenvolvimento nascional s√≥ ver os militantes queimando bandeira do pa√≠s, discurso pronto pra Direita",https://www.twitter.com/Anthony05763829/status/1568008335512973313,5554,,,
1562983699859140608,@adriventurasp OUTRA COISA! VAI ARRUMAR ESSA CARA! TU √â MUITO FEIA!,https://www.twitter.com/Dil_mary57/status/1562983699859140608,3578,,,
1571703819330781187,@FernandaLoubac2 @elikatakimoto Ela n√£o acredita mas usa essa mentira para enganar os incautos.,https://www.twitter.com/drarnowinter/status/1571703819330781187,23304,,,
1567964924143443970,"@dudahidalgo13 T√¥ te seguindo Duda , meu voto √© seu .",https://www.twitter.com/EDERDONIZETEDE1/status/1567964924143443970,180052,,,
1559918665297960961,@FernandaLoubac2 @veramagalhaes Vai babar ovo de pol√≠tico safado kkkk m√°,https://www.twitter.com/fransilveira101/status/1559918665297960961,1158,,,
1565675281737818120,"@delmartharocha @anarosa_ba Imagina, o cara faz isso l√°, e aqui temos milhares de bolsonaristas armados. O pa√≠s ter√° mais 4 anos de √≥dio pela frente? #PrefiroCiro",https://www.twitter.com/AnninhaGraca/status/1565675281737818120,23304,,,
1566927197704798212,@juliarochasim 1000 conto num ingresso n√£o √© ser burgu√™s √© ser otario nesses tempos de caristia completa.,https://www.twitter.com/Biologianosus/status/1566927197704798212,2693,,,
1560752135524044802,"@samiabomfim Gente, mas essa S√¢mia est√° sadia, hein.  T√° com quantas arrobas?",https://www.twitter.com/paolacallotera/status/1560752135524044802,2693,,,
1564627884400148485,@alesilva_38 @veramagalhaes Vc alesilva √© o lixo dos lixos !! Sua resto de aborto cagada e mijada !!!!!,https://www.twitter.com/CHAPADOX12/status/1564627884400148485,1158,,,
1573787856694386690,"@majorfabianadep O melhor √© ver a cara de paisagem (pra n√£o dizer cara de bunda) dela..z fingindo n√£o estar entendendo, fugindo deboche.. e por dentro se mordendo!!
Estepe furado!!!",https://www.twitter.com/DangeloModesto/status/1573787856694386690,1924,,,
1566045938036121600,@CarinaBelome Truculenta rid√≠cula fascista.,https://www.twitter.com/SanSnows/status/1566045938036121600,1158,,,
1574902136927920138,"@najuliaribeiro Muito feliz por ver sua atitude, orgulho de ser paranaense, sauda√ß√µes aqui de Sorocaba SP, com #LulaNo1¬∫Turno e #HaddadGovernador13 #HaddadNaGlobo",https://www.twitter.com/Claudinei_olive/status/1574902136927920138,180052,,,
1562130365766111232,"@DaianeMels @tarcisiogdf E para o Rio de Janeiro tem algum indicado fofa, ou o carioca Tracisio n√£o gosta do povinho do Rio de Janeiro, que foi a terra que o viu nascer.",https://www.twitter.com/wmgeradores/status/1562130365766111232,10176,,,
1569116032891260928,@joicehasselmann De apanhar tu entende‚Ä¶,https://www.twitter.com/carlosraulino79/status/1569116032891260928,3578,,,
1562969065144352768,@juujuferrari Muito gostosa,https://www.twitter.com/Jean59646906/status/1562969065144352768,1158,,,
1559913920663625733,"@samiabomfim vendo o Bozo assim fazendo biquinho e de cara amarrada s√≥ me vem a cabe√ßa o freddie mercury prateado falando no ouvido dele ""ta com cara de bravo ta? fica tlisti n√£o, fica tlisti n√£o"" kkkkkkkkkkkkkkkkkk",https://www.twitter.com/Lucas_behemoth/status/1559913920663625733,1608,,,
1570569691470655488,@marinahelenabr Ainda mais pq falou para um bando de vagabundos.,https://www.twitter.com/Xonarcz/status/1570569691470655488,3578,,,
1565831141638152194,@beatrizcaminha @JanjaLula Afff.vai assustar o c√£o,https://www.twitter.com/Amarild44913250/status/1565831141638152194,5554,,,
1568293901974347777,@Izalourenca Primeiro turno. Zema neles,https://www.twitter.com/AlvitoGuids/status/1568293901974347777,180052,,,
1566864244607442946,@mariadorosario kkkkkkkkkkkkkkkkkkkkk t√° de sacanagem n√©,https://www.twitter.com/_BrunoLenzi/status/1566864244607442946,3578,,,
1559997614271221763,"Minha mana √© grandiosa. Votem @renatasouzario 50.007
Se voc√™ n√£o conhece j√° venha conhecer, a preta √© braba, ela √© a voz da favela, da comunidade LGBTQIA+, √© feminista, e est√° cada vez mais forte.
Estamos juntos merma üíû https://t.co/4Aois157ht",https://www.twitter.com/HausofLins/status/1559997614271221763,23304,,,
1574195578380034049,"@jandira_feghali Que doidera, bicho.",https://www.twitter.com/alexandreadas/status/1574195578380034049,5554,,,
1575729627519414272,"@samiabomfim @AlineCuleGirl @FabioPorchat @MarinaSilva @tabataamaralsp Sua gorda ot√°ria, falsa esquerdista. Se eu te visse pessoalmente afundava um big mac na tua fu√ßa, sua feminazi banhuda safada.",https://www.twitter.com/StingerEfeito/status/1575729627519414272,772,,,
1560051889714200576,"@ReVillela1 verdade e meu sonho ainda √© v√™-lo na cadeia,velho safado e b√™bado!",https://www.twitter.com/SantosGasperini/status/1560051889714200576,1608,,,
1569054997224263680,@Biakicis Vagabundo,https://www.twitter.com/vito_n71/status/1569054997224263680,772,,,
1566061208737832960,@samiabomfim @Uber_Brasil Prende esse sujeito .,https://www.twitter.com/asop38638339/status/1566061208737832960,5554,,,
1575708630996770816,A @mabel_canto perdeu o t√≠tulo de debochada para a Soraya,https://www.twitter.com/flp_gustavo/status/1575708630996770816,10176,,,
1572887848394555394,@RaquelStasiaki e o bolsonaro que s√≥ muge,https://www.twitter.com/______regis/status/1572887848394555394,1608,,,
1565549386796605442,@vivireispsol @LulaOficial @ricardostuckert Kkkkkkk ora 50 mil pqp.kkkkk,https://www.twitter.com/Leonard19782866/status/1565549386796605442,23304,,,
1568396993587732480,@TandaraCaixeta Homof√≥bica safada. Cria tipo mulher kk,https://www.twitter.com/daihbaptista/status/1568396993587732480,772,,,
1560165190435471361,@fernandapsol Barraqueira escandalosa esclerosada inutil https://t.co/QJuEjZCefd,https://www.twitter.com/Misterjoe2512/status/1560165190435471361,1924,,,
