id,text,tweet_url,"Ã‰ violento?
(1=sim, 0=nÃ£o)","O candidato Ã© o objeto do comentÃ¡rio?
(1=sim, 0=nÃ£o)","ComentÃ¡rio Ã© racista/machista/LGBTfÃ³bico?
(1=sim, 0=nÃ£o)"
1575233227085983746,@joaobettega_ VAMO DE BETTEGA 30123,https://www.twitter.com/Ramosvjunior/status/1575233227085983746,,,
1560410757174632448,@AbrahamWeint Vira casaca traÃ­ra,https://www.twitter.com/RICARDO00946637/status/1560410757174632448,,,
1566812743226761217,"@carteiroreaca Fala vagabundo, usando muito o fundÃ£o pra ir na cornociata? Verme apÃ¡trida!!!!",https://www.twitter.com/CarlosKotrych/status/1566812743226761217,,,
1574957635916660739,"@simaopedro_SP TÃ¡ lÃ¡, fazendo escada pro bozolÃ³ide forasteiro. O Novo Ã© isso, bate pau do bozonarismo.",https://www.twitter.com/diogomleite/status/1574957635916660739,,,
1574465271498248195,"@Glauber_Braga 1ï¸âƒ£3ï¸âƒ£
5ï¸âƒ£0ï¸âƒ£
5ï¸âƒ£0ï¸âƒ£0ï¸âƒ£
1ï¸âƒ£3ï¸âƒ£3ï¸âƒ£4ï¸âƒ£
5ï¸âƒ£0ï¸âƒ£0ï¸âƒ£5ï¸âƒ£0ï¸âƒ£",https://www.twitter.com/Peu_Schmidt/status/1574465271498248195,,,
1570167962102808576,@BoniCoverRei JÃ COLOCOU NA ENTRADA E NA SAIDA DA PONTE PENSIL E PONTE DO MAR PEQUENO ?,https://www.twitter.com/haia_aguia/status/1570167962102808576,,,
1563197204369514496,"@augustodeAB Lulista falando que Ã© no primeiro, igual bolsonarista, tudo farinha do mesmo saco.",https://www.twitter.com/Everton_scr/status/1563197204369514496,,,
1574484458979442701,@RogerioCorreia_ @JoseAloiseBahia Tirar o Zema,https://www.twitter.com/Roseane61013287/status/1574484458979442701,,,
1561877110305726464,@depchinaglia Vai cagar. Fome com 600 paus por mÃªs. Deixe de ser babaca.,https://www.twitter.com/carlosmilare/status/1561877110305726464,,,
1572743428290809856,@DFDanielFreitas Nenhum :),https://www.twitter.com/xcarolportilho/status/1572743428290809856,,,
1560734259824177152,"@77_frota feio Ã© VC
feio Ã© o que VC fez",https://www.twitter.com/Tatu_Basta/status/1560734259824177152,,,
1561838223818629120,"@thigagliasso Ainda godelando seu irmÃ£o rico, vagabundo! VocÃª nÃ£o terÃ¡ 2.000 votos!",https://www.twitter.com/Almeida13B/status/1561838223818629120,,,
1563935523206569986,"@thigagliasso O jovem, jÃ¡ trocou a fralda hoje? TÃ¡ se cagando de inveja do irmÃ£o todo dia, bicho",https://www.twitter.com/adenonis/status/1563935523206569986,,,
1560633257749782528,@pauloteixeira13 Mentiroso igual LULADRÃƒO,https://www.twitter.com/NeLLopes22/status/1560633257749782528,,,
1565160993713528833,@capitaoderrite Ã‰ uma besta quadrada,https://www.twitter.com/FtimaPonciano1/status/1565160993713528833,,,
1560354463856185346,"@ArthurWeint cara
traÃ­ra Ã© uma raÃ§a nojenta!",https://www.twitter.com/luiz_vitarelli/status/1560354463856185346,,,
1574948855518441472,@OsmarTerra MourÃ£o?ğŸ¤£ğŸ¤£ğŸ¤£ğŸ¤£ğŸ¤£ Esse nÃ£o ganha nem pra presidente do Porto de Caruaru.,https://www.twitter.com/JlioCsa21299812/status/1574948855518441472,,,
1570470830592638978,@SoldadoFruet E aÃ­ covardÃ£o teve que mandar a mulher fazer o serviÃ§o sujo heim seu lixo....alÃ©m de mamateiro Ã© medroso,https://www.twitter.com/paidotonho/status/1570470830592638978,,,
1575578890457600000,"@AbrahamWeint Velho sem vergonha, mentiroso!",https://www.twitter.com/Anderso30661899/status/1575578890457600000,,,
1561204871285465088,"@JoseMedeirosMT Imagina esse sujeito no poder outra vez, sÃ©ria devastador, mas devastador que a primeira vez.  Deus livre o Brasil, Bolsonaro 22 ğŸ‡§ğŸ‡·ğŸ‡§ğŸ‡·ğŸ‡§ğŸ‡·ğŸ‡§ğŸ‡·ğŸ‡§ğŸ‡·ğŸ‡§ğŸ‡·ğŸ‡§ğŸ‡·ğŸ‡§ğŸ‡·ğŸ‡§ğŸ‡·",https://www.twitter.com/GlaucoThome/status/1561204871285465088,,,
1563918900177272832,@77_frota Vagabundo,https://www.twitter.com/JoeAmorimTeix1/status/1563918900177272832,,,
1560611758905167878,@pedropaulo @eduardopaes E safado comunista se fosse por mim vocÃª nunca teria voltado para polÃ­tica e agora fica multando carros por e do  partido de Bolsonaro seu crÃ¡pula nunca votei em vocÃª e nunca irei vocÃª e o cÃ¢ncer do Rio de janeiro,https://www.twitter.com/Cassio16312417/status/1560611758905167878,,,
1565273883606933508,@capitaoderrite @LucianoGiusepp4 Essa gente quando abre a boca sÃ³ sai m.....,https://www.twitter.com/EliNavarro2022/status/1565273883606933508,,,
1567966502980145155,@EngZini @cirogomes @PDTRS CadÃª de forta?,https://www.twitter.com/Danyel_Isaias/status/1567966502980145155,,,
1561866748126789633,@rsallesmma Uma nojenta,https://www.twitter.com/jpindobeira/status/1561866748126789633,,,
1567177868232245248,@NiltoTatto Vai viver de que esse merda?,https://www.twitter.com/jlconsultor/status/1567177868232245248,,,
1561847070469885957,@depchinaglia Passa fome quem Ã© vagabundo e preguiÃ§oso,https://www.twitter.com/AdmirDonizete/status/1561847070469885957,,,
1564051673517068290,"@ENZUH14 De jaracas, isso sim.",https://www.twitter.com/AlexAraujoJPA/status/1564051673517068290,,,
1572607233950715904,"@zeca_dirceu @rosanedopv Falou o Filho do Bandido Comunista.
Terrorista que colocava bombas em locais pÃºblicos e sequestrava pessoas.
Filho de peixe, peixinho Ã©.
Pelo menos moro e nem o pai foram presos por roubar.
Vive pode dizer o mesmo?",https://www.twitter.com/Jeffers36441588/status/1572607233950715904,,,
1561887742216343555,@carmelonetobr @jairbolsonaro TÃ£o novo e tÃ£o canalha,https://www.twitter.com/fecamareli/status/1561887742216343555,,,
1570472330912239617,@SoldadoFruet NÃ£o vai se eleger seu parasita,https://www.twitter.com/daniel10samof/status/1570472330912239617,,,
1576361763955937280,"@capitaoderrite Vote em mim porque eu mando servir a melhor coxinha de Sorocaba pro Genocida!
Nunca vi campanha mais merda!
Ã‰ de cair o cu da bunda!",https://www.twitter.com/sopa_de_doninha/status/1576361763955937280,,,
1563804470806446080,@AndreJanonesAdv Deixa de ser burro e idiota preocupante Ã© a tua rachadinha ladrÃ£o de meia tigela,https://www.twitter.com/JoseFer91997159/status/1563804470806446080,,,
1569626026740973577,"@Oficialluizlima ele mexendo nos papeis sem saber o que dizer,  bufando,  nÃ£o tem preÃ§o,  Ã© um picareta",https://www.twitter.com/thimario/status/1569626026740973577,,,
1572059940176420865,"@DelegadoSaraiva Tem babaca no mundo inteiro. Tem inglÃªs, francÃªs, italiano, etc.",https://www.twitter.com/JRMpatriota/status/1572059940176420865,,,
1575633487943458818,@ArthurWeint Vai voltar para o ostracismo.,https://www.twitter.com/EstherKBeattie/status/1575633487943458818,,,
1567734033164951554,@ThiagoResiste PÃºblico total foi 67 mil pessoas mentiroso e nem todos vaiaram ele!!  bota seu ladrÃ£o favorito lÃ¡ seu cachaceiro nÃ£o tem coragem de ir na rua idiota,https://www.twitter.com/ana_mel40/status/1567734033164951554,,,
1573019123780653059,@DelegadoSaraiva Aqui em SÃ£o Paulo tÃ¡ cheio de bostaminions.,https://www.twitter.com/SomenteKC/status/1573019123780653059,,,
1560585230448496641,@heldersalomao Tmj Deputado!!! Quero jogar nesse time!!! https://t.co/0s5bFM8t5M,https://www.twitter.com/EduCRFVix/status/1560585230448496641,,,
1575223837905412097,"@minc_rj Que vagabundagem, sÃ³ vindo desse tipo de patriota mesmoğŸ™„ğŸ™„",https://www.twitter.com/farias_mauricea/status/1575223837905412097,,,
1562818846100049923,"@CarlosZarattini @AndreJanonesAdv para de ser fldpt, olha como o cara trata seus funcionarios,cego.",https://www.twitter.com/mayroni22/status/1562818846100049923,,,
1560325882174128134,@depjorgesolla Verme nojento ğŸ¤®,https://www.twitter.com/veluccijf/status/1560325882174128134,,,
1571001921263243264,@EvertonSodario @zfabrogmailcom @Keila31177845 Faz uma vaquinha,https://www.twitter.com/brasil2506/status/1571001921263243264,,,
1570844129843879936,@RubensOtoni Ã‰ a dupla.   Golpista e idiota,https://www.twitter.com/GomesJacyr/status/1570844129843879936,,,
1573478483266764801,@erlan_bastos @emoff @iG durante a minha vida eu nunca tinha visto isso Ã© podre nojento,https://www.twitter.com/Luziany68156159/status/1573478483266764801,,,
1561922845743235072,@djalmaneryneto EngraÃ§ado que os gados tudo andam de Ã³culos KKK.,https://www.twitter.com/augusto73508100/status/1561922845743235072,,,
1572722230777507840,@AndreJanonesAdv @CarlosBolsonaro Vc Ã© mesmo um inegumero perfeito para viver sob as tetas desse  ladrÃ£o de  nove dedos,https://www.twitter.com/BrazGonalves2/status/1572722230777507840,,,
1565703032507080706,"@depjorgesolla Para de falar merda, porra! Vcs tÃªm AdÃ©lio aqui, o filho feio que nenhum pai da esquerda quer assumir, porra!",https://www.twitter.com/walfm/status/1565703032507080706,,,
1575671262860693504,@rsallesmma Aqui em nosso estado conhecida como traÃ­ra ğŸ£,https://www.twitter.com/BachaReginaldo/status/1575671262860693504,,,
1573429507754713106,@giovanicherini Vai ser sim! 13 â¤ï¸,https://www.twitter.com/Elliaop/status/1573429507754713106,,,
1573083553075691532,@serafinipsol Bando de canalhas!!!,https://www.twitter.com/Nadia37183753/status/1573083553075691532,,,
1561865940257701888,@rsallesmma Que jornalistas nojentosss,https://www.twitter.com/luferreira_22/status/1561865940257701888,,,
1572984955403132931,@ToninhoVespoli Mas que barbaridade!,https://www.twitter.com/law_adv/status/1572984955403132931,,,
1565282930586419202,"@capitaoderrite @thunder_270380 Isso Ã© um MACONHEIRO SAFADO, UM IMBECIL DE PAI E MÃƒE!",https://www.twitter.com/fuleroman/status/1565282930586419202,,,
1573497837802897417,"@FabioOstermann Kkkkkk sÃ³ agora vc percebeu isso?? Ã“dio ao bozo justifica tudo, nÃ© amoebinhaâ€¦",https://www.twitter.com/celsoanton/status/1573497837802897417,,,
1563310055822618624,@carmelonetobr Tem que xingar mesmo HAHAHAHAHAH,https://www.twitter.com/ricardogffc/status/1563310055822618624,,,
1562249950280519681,"@djalmaneryneto A doutrina do zapeando, gente aquelas seitas q tira o cÃ©rebro e passa a mÃ¡quina cartÃ£o.",https://www.twitter.com/HaterBom8888/status/1562249950280519681,,,
1561850987467481092,@depchinaglia Mentiroso..inventa outra bando de comuna.,https://www.twitter.com/IsaiasB01885178/status/1561850987467481092,,,
1564229314731728897,"@andreporci Foi lÃ¡ para militar a favor do presidiÃ¡rio e se lascou ! Vem com esse papo de mulher nÃ£o ! Pilantra nÃ£o tem sexo , homens e mulheres  sÃ£o todos iguais em tudo , ou nÃ£o Vera MagalhÃ£es.",https://www.twitter.com/FrasaoAdriano/status/1564229314731728897,,,
1569133910524678147,@bibonunes1 SÃ³ fala merda!,https://www.twitter.com/loco171/status/1569133910524678147,,,
1570779038922448896,"@magnusgoulart @taoquei1 cara,voce esta do lado mais sujo e  ainda quer apontar dedo.",https://www.twitter.com/__gabriel1998/status/1570779038922448896,,,
1575314487309205507,"@carlosjordy Interna, pode levarâ€¦",https://www.twitter.com/angelicagbr/status/1575314487309205507,,,
1576380384442748928,@tuliogadelha Vai dormir muleque,https://www.twitter.com/Daniele66872555/status/1576380384442748928,,,
1560027112526020608,@FabioOstermann Vai pro soÃ§Ã£o awards domingo,https://www.twitter.com/Ideias_Radicais/status/1560027112526020608,,,
1572884181973073924,@LuizANCarvalho Ã‰ uma canalha desqualificada,https://www.twitter.com/marasca_paulo/status/1572884181973073924,,,
1561862371563507713,@depchinaglia Seu mentiroso,https://www.twitter.com/RochaBB4/status/1561862371563507713,,,
1562985915227652096,@bibonunes1 @jairbolsonaro Da o cu pra ele entÃ£o arrombado. Vai botar umas cueca.,https://www.twitter.com/agentehistorico/status/1562985915227652096,,,
1573299890393866240,"@simaopedro_SP Povo da cidade de registro
Aqui o que o barbudo pensa de vcs
Chamou de CAPIAU
CAPIAU
https://t.co/ApwDbwhCA9",https://www.twitter.com/CarlaPCDA/status/1573299890393866240,,,
1576309014563934208,"@DiogoForjaz Vagabundo Canalha, sai de fininho depois de agredir a garota !!",https://www.twitter.com/lydiaventurelli/status/1576309014563934208,,,
1565339542668070912,"@carmelonetobr @simonetebetbr como sempre descontrolada. 
Toma vergonha na cara sua picareta. Se diz representar a classe feminina mais persegue a primeira dama.",https://www.twitter.com/e_fera22/status/1565339542668070912,,,
1566488511305359360,@depjorgesolla Essa esquerda Ã© muito vagabunda.. deixa de ser pilastra a culpa Ã© do Ministro boca de veludo,https://www.twitter.com/Danielconservad/status/1566488511305359360,,,
1575072227086585856,"@SargentoFAHUR Olha a cara de pedÃ³filo desse nojento, maconheiro maldito.",https://www.twitter.com/GuiiCamati/status/1575072227086585856,,,
1576651487945850880,@BrunoEnglerDM Vagabunda,https://www.twitter.com/AndreZachary5/status/1576651487945850880,,,
1561871189487804416,@rsallesmma Boner tb ğŸ¤®ğŸ¤®ğŸ¤®ğŸ¤®,https://www.twitter.com/dragreicy/status/1561871189487804416,,,
1576576779279822848,"@marcelvanhattem Precisa sim, precisa dizer que isso Ã© informaÃ§Ã£o falsa seu lixo canalha burro.",https://www.twitter.com/MatheusToko/status/1576576779279822848,,,
1561897398808576000,@djalmaneryneto FOOOOOOORA bananinha miliciano!!!,https://www.twitter.com/RitadeCcia3/status/1561897398808576000,,,
1562059196182437888,"@NiltoTatto Sei sim, mas procure tambÃ©m sobre o seu malvado favorito!!! Mulher de grelo duro!!! Tem que bater na mulher fora de casa..  ou esqueceu?????",https://www.twitter.com/ComAndersonjf/status/1562059196182437888,,,
1559686315410706433,@marceloramosam NinguÃ©m quer conversa com essa carniÃ§a,https://www.twitter.com/euluiza245/status/1559686315410706433,,,
1568691290228801536,@MottaTarcisio Isso Ã© brincadeira!,https://www.twitter.com/CAndre51/status/1568691290228801536,,,
1561835693026033664,@lpbragancabr Que bosta,https://www.twitter.com/rcsaf/status/1561835693026033664,,,
1576004511071891456,@tuliogadelha Entao vai buscar refugio na venezuela e escutar o maduro,https://www.twitter.com/JoseParaboni/status/1576004511071891456,,,
1569504871535230978,@filipebarrost Bota pra torar nesses vagabundos!,https://www.twitter.com/Edilsonvf45/status/1569504871535230978,,,
1561856988698578945,"@depchinaglia Mentiroso, canalha, corrupto, verme.",https://www.twitter.com/MariaDe91731348/status/1561856988698578945,,,
1567648756132188161,@carteiroreaca Vc e um safada capacho de corrupto,https://www.twitter.com/Boyrevenge1/status/1567648756132188161,,,
1563157475481640962,"@tuliogadelha Quando Ã©ramos crianÃ§as nossos pais nos ensinaram a nÃ£o pegar nada de ninguÃ©m, sequer uma bala no chÃ£o que nÃ£o fosse sua. AÃ­ vem o Bonner e suaviza o roubo de 6.200.000.000,00 BILHÃ•ES sÃ³ da petrobrÃ¡s. NÃ£o eram DÃ³lares, eram Reais! Ah vÃ¡ pra PQP",https://www.twitter.com/Ricardo21502599/status/1563157475481640962,,,
1575322648791457793,@IvanValente Um drogado falando e um otÃ¡rio achando lindo kkkkk 22 BOLSONARO,https://www.twitter.com/Gilbert38669293/status/1575322648791457793,,,
1566881086470324226,"@ThiagoResiste NÃ£o Ã© servir cafÃ©, seu burro, Ã© servir sopa ğŸ¤£ğŸ¤£ğŸ¤£ğŸ¤£ğŸ¤£ğŸ¤£ğŸ¤£ğŸ¤£ğŸ¤£ğŸ¤£ğŸ¤£ğŸ¤£ğŸ¤£",https://www.twitter.com/Rodrigo708071/status/1566881086470324226,,,
1563919142691930112,"@magnusgoulart @taoquei1 NÃ£o Ã© isso imbecil, se Ã© alguem de direita falando isso, o cabeÃ§a de pica manda prender. Ps: Essa Blogueirinha Ã© uma das maiores vozes da direita babaca.",https://www.twitter.com/LedStreet1/status/1563919142691930112,,,
1570908076164943873,@delegadoramagem @Kaleo79875089 SÃ³ estÃ¡ fazendo isso para se eleger! Continua sendo traÃ­ra.,https://www.twitter.com/guidocusin/status/1570908076164943873,,,
1566862783848775685,@tiagoprata eu nÃ£o sou acolhedora como vc kkkk sÃ³ tÃ´ rezando que acabe logo e nÃ£o voltem nunca mais ğŸ™,https://www.twitter.com/exulias/status/1566862783848775685,,,
1573161003243950080,@LorenzonItalo VocÃªs sÃ£o doentes demais,https://www.twitter.com/danielbarbossa/status/1573161003243950080,,,
1563936462890045440,"@magnusgoulart @taoquei1 Da prÃ¡ ver seu carÃ¡ter,se tem , adorador de ladrÃ£o",https://www.twitter.com/PauloRobertoPd4/status/1563936462890045440,,,
1569789184696586240,@filipebarrost Cadeia pra esse vagabundo...,https://www.twitter.com/marcaoross/status/1569789184696586240,,,
1561448423894781958,@andrefernm Tchutchuca safada!,https://www.twitter.com/TiozinhoT/status/1561448423894781958,,,
1572278779954823169,@BohnGass Vai come xucrute alemÃ£o bobo.. vergonha do RS....,https://www.twitter.com/Luiz76600279/status/1572278779954823169,,,
1573682151496847361,@dep_padrejoao Kkkkkkkkkkkk vai bosta nenhuma. Kkk,https://www.twitter.com/Ninguem03696909/status/1573682151496847361,,,
1562821559731245058,"@CesarAMelllo @BrazilFight Boa vamos ver se com a vitÃ³ria de biroliro ele dÃ¡ uma forÃ§a e coloca uns armamentistas no EB e na PF, fim da autorizaÃ§Ã£o e craf em 5 dias.",https://www.twitter.com/FernadoPenatti/status/1562821559731245058,,,
1568387725157335041,@Marceloalvaroan Seu idiota,https://www.twitter.com/William37849358/status/1568387725157335041,,,
1570993590217895938,"@danielsoranz @YouTube Reta final! O Rio vai eleger um deputado federal que Ã© motivo de orgulho para todos nÃ³s!! 
#DanielSoranz5588",https://www.twitter.com/Lilu_Alves/status/1570993590217895938,,,
1561326992284344320,@IvanValente Sai pra lÃ¡ tchutchuca de ladrÃ£o,https://www.twitter.com/Fernand50643217/status/1561326992284344320,,,
1564060778474397696,"@cabojunioamaral ela nÃ£o foi jangada, ela foi violentada! TÃ­pico do machista misÃ³gino e violento presidente que sÃ³ virÃ£o â€œmachÃ£oâ€ para atacar mulher",https://www.twitter.com/vicorazza/status/1564060778474397696,,,
1567074718074683394,"@BolsonaroSP Enfim Acertou miserÃ¡vi ""ano que vem o novo presidente"" kkk",https://www.twitter.com/regbern1/status/1567074718074683394,,,
1570464513685700612,"@SoldadoFruet (a) MachÃ£o (mas machÃ£o com mais 4 machos juntos e a esposa) vai no evento, onde  falam que ele gastou mais de 170 mil com gasolina, ELE FICA PUTINHA (putinho com + 4 CARAS JUNTO). Sr vai ser exposto pelos gastos, se achar ruim, vem dar tapa aqi https://t.co/SyXmhOAHzD",https://www.twitter.com/RcRoblesS/status/1570464513685700612,,,
1570460646399180800,"@SoldadoFruet Vagabundo, ladrÃ£o e covarde!!!",https://www.twitter.com/Leondsc1503/status/1570460646399180800,,,
1569512654909362181,@FelipePedri @mmvsantiago Vital! Esse IPEC de hoje Ã© crime!,https://www.twitter.com/Bobmeirelles/status/1569512654909362181,,,
1561826062891352064,@lpbragancabr A coisa mais cafona do mundo,https://www.twitter.com/samelove2301/status/1561826062891352064,,,
1575137844624064514,@GuilhermeBoulos @rodrigogarcia_ Que cara de pau. Espanca menor e quer sair como vÃ­tima. Toma vergonha invasor.,https://www.twitter.com/mariateixeira_m/status/1575137844624064514,,,
1561873893710774274,"@depchinaglia Burro
Burro
Burro
Burro
Para de coÃ§ar a bunda https://t.co/3JgIn0fMiY",https://www.twitter.com/rosepandrade/status/1561873893710774274,,,
1564257437686923265,@DFDanielFreitas @Carolmph E tem trouxa qie sai repetindo o que ele falouğŸ˜’ğŸ™„ğŸ‘,https://www.twitter.com/mirazzante/status/1564257437686923265,,,
1563557623340810241,@DiogoForjaz Canalha safado ğŸ¤®ğŸ¤®,https://www.twitter.com/SoniaRo50442246/status/1563557623340810241,,,
1566786799367864321,@drviniciussp E ela de blusa vermelha ğŸ˜¬,https://www.twitter.com/GolinoDaniele/status/1566786799367864321,,,
1572609679221563395,@IvanValente VocÃª Ã© um bobÃ£o comunista de m.... se acredita nessas pesquisas que vocÃªs prÃ³prios encomendaram Ã© porque estÃ£o prÃ³ximos da psicopatia. Veja o Datapovo nas ruas.,https://www.twitter.com/JulioGu28061471/status/1572609679221563395,,,
1575300882639593472,@ToninhoVespoli Kakakakakakakakaka,https://www.twitter.com/gabrilamorim/status/1575300882639593472,,,
1562102494628651009,"@djalmaneryneto Bozolixos sÃ£o td machÃ£o em bando ,qd vÃ£o preso ,chora ,escreve carta para mÃ£e kkkkk sÃ£o piadas",https://www.twitter.com/CrisHer63416190/status/1562102494628651009,,,
1560686358804529157,@DelegadoSaraiva SÃ³ nÃ£o vale o Bananinha! Por favor!!! Fora com essa corja de gente.,https://www.twitter.com/Cassio_CR76/status/1560686358804529157,,,
1562211944706326528,"@deltanmd Deltan que merda e estÃ¡ que tu disse que bota no Bostonaro.
TÃ´ fora.",https://www.twitter.com/AVolpiano/status/1562211944706326528,,,
1571156018884640770,@deltanmd @brasil247 Essa esquerda Ã© mais suja que pau de galinheiro,https://www.twitter.com/giopotrich/status/1571156018884640770,,,
1574197830297583616,"@ThiagoResiste Parem de levantar a bola do terceiro colocado, PQP!!!",https://www.twitter.com/birinha70/status/1574197830297583616,,,
1576147848378216449,@capitaoderrite O tiozÃ£o da coxinha ğŸ«µğŸ˜‚ Ã” dilicia hein ğŸ˜‹,https://www.twitter.com/LiaFerr60193125/status/1576147848378216449,,,
1573994167386112000,"@cassiomoreira Deixa de ser covarde e vai la apoiar o teu bandido de estimaÃ§Ã£o, larga o PDT adorador de ladrao",https://www.twitter.com/ideallyouthere/status/1573994167386112000,,,
1576211239101136896,@edsonsalomaosp Agressor e assediador de mulheres.,https://www.twitter.com/paulocesardjr/status/1576211239101136896,,,
1575312183730356224,@carlosjordy Ã‰ uma doente!,https://www.twitter.com/silviagferrante/status/1575312183730356224,,,
1570396561166970881,"@andreporci @BolsonaroSP Des de quando o Bolsonaro Ã© homem de palavra ? Um cu cagado,  mentiroso misÃ³gino criminoso negacionista genocida sem carÃ¡ter.  Um nada . Um covarde . LadrÃ£o corrupto . SÃ³ nÃ£o estÃ¡ na cadeia porquÃª tem a ğŸ–Š caneta . POBRE BRASIL POBRES BRASILEIROS.",https://www.twitter.com/AmauriD44881092/status/1570396561166970881,,,
1563677888481746944,@celamericosp O boner Ã© chuchuca do luladrÃ£o e os que o apÃ³iam tambÃ©m vai bolsonaro,https://www.twitter.com/Erasmogomesdes8/status/1563677888481746944,,,
1576069242243682304,@BolsonaroSP Ta chegando a hora seu bananinha ZÃ© ruela ğŸ¤£ğŸ˜‚ğŸ˜‚ğŸ¤£ğŸ˜‚ğŸ˜‚ğŸ¤£,https://www.twitter.com/CHICOSINCERO75/status/1576069242243682304,,,
1567557492397203461,@WilliamJacob VocÃª Ã© bozo!! E nÃ£o tem coragem de assumir!!,https://www.twitter.com/JoaquimPassos6/status/1567557492397203461,,,
1567699875684384769,@zeca_dirceu Que broxa,https://www.twitter.com/cassiajonice/status/1567699875684384769,,,
1566116521121914880,@RogerioCorreia_ SÃ³ ladrÃ£o apoia a esquerda.  Devolvam o dinheiro do povo ladrÃµes machistas!,https://www.twitter.com/felipede007/status/1566116521121914880,,,
1574949681352036352,"@GeneralGirao LEI NÂº 6.880, DE 9 DE DEZEMBRO DE 1980

SEÃ‡ÃƒO II
Da Ã‰tica Militar

XVIII - abster-se, na inatividade, do uso das designaÃ§Ãµes hierÃ¡rquicas:

        a) em atividades polÃ­tico-partidÃ¡rias;

O senhor estÃ¡ fora da Lei, isto Ã©,  um manda e o outro obedece. A Lei manda e o sr. obedece.",https://www.twitter.com/Julio83Tinga/status/1574949681352036352,,,
1572585758619504640,@deltanmd Kkkkkkkkkkk VocÃª nÃ£o vai ganhar nada TraÃ­ra ğŸ˜¡,https://www.twitter.com/Andrdacruzsant2/status/1572585758619504640,,,
1564350259509305344,@RubensOtoni SerÃ¡ se ela jÃ¡ acordou da porrada verbal e de luva de pelica que o LULA deu nela.,https://www.twitter.com/Profbruno5/status/1564350259509305344,,,
1564082476078829568,"@erlan_bastos VocÃª estÃ¡ usando drugas ou estÃ¡ bÃªbado, puxa saco de cachaceiro.
Seu insignificante",https://www.twitter.com/AlexPieroni937/status/1564082476078829568,,,
1570872989809545217,@leosiqueirabr Esse cara Ã© um babaca.. sÃ³ fala merda,https://www.twitter.com/cxswaste/status/1570872989809545217,,,
1573781347340009476,"@CardosoJrDavid E estÃ¡ com ele de novo, criatura asquerosa ğŸ¤¢",https://www.twitter.com/rizyachela/status/1573781347340009476,,,
1566886717063413760,"@dep_padrejoao @jose_simao Padre do partido das trevas, Ã© foda",https://www.twitter.com/jlnascimento197/status/1566886717063413760,,,
1571303385839636481,@BrunoEnglerDM @nikolas_dm Esse pobi deve se tremer todin ! ğŸ˜‚ğŸ˜‚,https://www.twitter.com/_ReIsa1/status/1571303385839636481,,,
1565382239612968961,@erlan_bastos CuzÃ£o do caraleo!!!,https://www.twitter.com/Boytoy03556830/status/1565382239612968961,,,
1574011645633888257,@cassiomoreira VocÃª estÃ¡ de sacanagem,https://www.twitter.com/extse1_shawty/status/1574011645633888257,,,
1567081077885308935,"@OsmarTerra TÃ¡ delirando, vÃ¡ ao mÃ©dico vÃª se sua cabeÃ§a estÃ¡ funcionando direito. Seu terra plana.",https://www.twitter.com/jeagust/status/1567081077885308935,,,
1564052148299636738,@marcofeliciano EITA INVEJINHA,https://www.twitter.com/FachinUhu/status/1564052148299636738,,,
1576563654434381824,@marcelvanhattem Q baboseira.,https://www.twitter.com/leandrovianas/status/1576563654434381824,,,
1573327389416984576,"@ArthurWeint @marciosabedotti #TarcisioGovernador10 

Os pÃ¡tati-patatÃ¡ estÃ£o enlouquecidas kkkkkk",https://www.twitter.com/DomBaruque/status/1573327389416984576,,,
1575687869099757568,@AbrahamWeint Vai sonhando moleque ğŸ˜´.,https://www.twitter.com/Weslei_Rocha/status/1575687869099757568,,,
1563186401474007043,@tuliogadelha Continua sendo o mesmo ladrÃ£o de sempre. LulaladrÃ£o teu lugar Ã© na prisÃ£o https://t.co/bznyF0YGum,https://www.twitter.com/Ronaldo05601665/status/1563186401474007043,,,
1564075791184453633,@carteiroreaca TÃ¡ bem. Solto.,https://www.twitter.com/tooncosta/status/1564075791184453633,,,
1564082295513939968,@BrunoEnglerDM ladrÃ£o ğŸ‘‰ğŸ§”ğŸ»,https://www.twitter.com/Fernan22Carlos/status/1564082295513939968,,,
1565445529840091140,@heldersalomao @SF_Moro Tchutchuca do Bozo... ğŸ™„,https://www.twitter.com/CARMINHABRANCO/status/1565445529840091140,,,
1569188925700460545,"@f å¤ã®å¤œã®å¤¢ ã‚µã‚¤ãƒ‰ãƒã‚§ãƒ³ã‚¸ äº¤æ›å…ˆã‚’æ¢ã—ã¦ã„ã¾ã™ã€‚

ã€è­²ã€‘9/20 æ˜¼ 1éšHã€œJåˆ— ä¸Šæ‰‹
9/23 å¤œ 1éšAã€œCåˆ— ä¸Šæ‰‹ï¼ˆå„1æšï¼‹ä¸Šä¹—ã›ï¼‰

ã€æ±‚ã€‘9/22ã€9/25 XBã€œXCåˆ—

äº‹å‰éƒ½å†…/å½“æ—¥æ‰‹æ¸¡ã—
ãŠå¿ƒå½“ãŸã‚Šã‚ã‚‹æ–¹ã¯å¤§ä½“ã®åº§å¸­ç•ªå·è¨˜å…¥ã®ä¸ŠdmãŠé¡˜ã„ã—ã¾ã™ã€‚
#å¤ã®å¤œã®å¤¢äº¤æ› #å¤ã®å¤œã®å¤¢è­²",https://www.twitter.com/_trhk_ac/status/1569188925700460545,,,
1564371307705294851,@tuliogadelha Kkkk cara foi preso e ladrÃ£o que quer chame de amor para de fala merda,https://www.twitter.com/GeilsonSouza18/status/1564371307705294851,,,
1565880605849575424,"@BolsonaroSP ouvi um MIMIMI sofrido?

reclama com as empresas comunistas do vale do silÃ­cio bonitÃ£o",https://www.twitter.com/Hdracco/status/1565880605849575424,,,
1562950349383962626,@rfalcao13 Velho burro do caralho!!!!,https://www.twitter.com/Sidneicoelho9/status/1562950349383962626,,,
1564410296940257280,"@tuliogadelha Kkkkk, imbecil",https://www.twitter.com/BiraOso/status/1564410296940257280,,,
1576580985030074369,@andrefernm @Carva89717062 Kkkkkk,https://www.twitter.com/MHarmenon/status/1576580985030074369,,,
1562158547558883329,@djalmaneryneto Kkkkkkk cagou nas calÃ§as em bunda mole !!!!!,https://www.twitter.com/vidalbrazuca/status/1562158547558883329,,,
1561947389463859200,@rsallesmma Essa mulher Ã© sÃ³ ranÃ§o alÃ©m de feia.,https://www.twitter.com/Ninacaldeira1/status/1561947389463859200,,,
1565275278749884419,"@capitaoderrite PQP, um vagabundo desse sÃ³ pode ser financiado pelo crime organizado",https://www.twitter.com/Marcelopx4/status/1565275278749884419,,,
1568385987780427777,"@Marceloalvaroan Cheira enxofre, esse verme.",https://www.twitter.com/DireitaDrica/status/1568385987780427777,,,
1562104271608348673,@djalmaneryneto Coisa de donzelo,https://www.twitter.com/rodrigo_caribe/status/1562104271608348673,,,
1574744185797627904,@AbrahamWeint Vc Ã© doente mesmo,https://www.twitter.com/andrade55491831/status/1574744185797627904,,,
1576580815860834305,@marcelvanhattem Vagabundo,https://www.twitter.com/RM__23__/status/1576580815860834305,,,
1560305237566570498,@AragaoMosart SÃ³ as TCHUTCHUCA DO CENTRÃƒO,https://www.twitter.com/Mateus_sls/status/1560305237566570498,,,
1561444837026664453,"@Glauber_Braga Meu VOTO Ã© TEU, homi q mata a cobra Ã© mostra o pau",https://www.twitter.com/mariagraaribei1/status/1561444837026664453,,,
1565833292900966401,@BohnGass Grande porcaria mula e esse Felipe feto,https://www.twitter.com/CoutinhoAbdora/status/1565833292900966401,,,
1574591128099516417,"@bibonunes1 VocÃª Ã© financiado por contrabandista, fascista.",https://www.twitter.com/A_ToRyBa/status/1574591128099516417,,,
1575694518078218240,@carteiroreaca Kkkkkkkk,https://www.twitter.com/Celso85542817/status/1575694518078218240,,,
1559688307621216258,@CesarAMelllo @rmotta2 Playboy babaca,https://www.twitter.com/2palitos/status/1559688307621216258,,,
1575953868617584640,"@zeca_dirceu Vai TNC, seu FDPâ€¦â€¦ vagabundo! Tchutchuca do papai!!",https://www.twitter.com/suzana39559214/status/1575953868617584640,,,
1559945963808096257,"@marceloramosam El padrinho gosta de ser paparicado, pixulÃ© nÃ£o sai de graÃ§a nÃ©.",https://www.twitter.com/MarcelH2H2/status/1559945963808096257,,,
1561857959117963264,@GTavaresPCB Eu tÃ´ aqui morrendo de rir do liberal que nÃ£o conhece o bÃ¡sico do marginalismo. O cara tem que ser muito burro para cair nessaâ€¦.,https://www.twitter.com/AlexandreFenel1/status/1561857959117963264,,,
1575206023086088193,"@pauloteixeira13 https://t.co/oI3hqoFpkh
Fogo ""amigo""... Q o Bozo Ã© louco, isso jÃ¡ sabÃ­amos. O gado podia pastar de vez em Miami... Ou, se forem inteligentes, o que Ã© improvÃ¡vel, esperar o lula ganhar pra voltarem a viajar/mugir buuh/sonegar com os contraBANDO$  de iPhone$, macboock$, perfume$...",https://www.twitter.com/crise_in/status/1575206023086088193,,,
1561718722729066496,@IvanValente Vc Ã© um canalha vagabundo!!!Comunista de ğŸ’©ğŸ’©ğŸ’©ğŸ’©!,https://www.twitter.com/carladepaula356/status/1561718722729066496,,,
1561896548736372737,"@LorenzonItalo @LulaOficial Kkkkk, pinguÃ§o.",https://www.twitter.com/MarciaC03253486/status/1561896548736372737,,,
1567870369146540036,@RequiaoFilho @LulaOficial @requiaooficial Viciado em seduzir ğŸ”¥ğŸ˜â­,https://www.twitter.com/pedrofirmofc/status/1567870369146540036,,,
1560611931886592002,@delegadoramagem @jairbolsonaro Esse rapaz Ã© um imbecil que quer aparecer.,https://www.twitter.com/EdmarSergioLima/status/1560611931886592002,,,
1561842914795323395,@MottaTarcisio Porque Ã© um comunista safado tambÃ©m. https://t.co/r12VdGlv0c,https://www.twitter.com/acabaramosnicks/status/1561842914795323395,,,
1569893587818627074,@Oficialluizlima E dizem que ele queima a rosquinha ainda por cima!!! ğŸ¤£ğŸ¤£ğŸ¤£,https://www.twitter.com/Rac021283/status/1569893587818627074,,,
1570472208056598531,"@SoldadoFruet O tiro saiu pela culatra ein vagabundo ğŸ˜‚ğŸ˜‚ğŸ˜‚
GraÃ§as ao @joaobettega_  e ao @arthurmoledoval  agora vc e sua canalhice Ã© conhecida a nÃ­vel federal. Manda abraÃ§o pra vadia covarde da sua mulher.",https://www.twitter.com/LRadiativo/status/1570472208056598531,,,
1565004181181718530,@zeca_dirceu . NÃ£o Ã©  letra seu burro.,https://www.twitter.com/BOLSONAROSehnem/status/1565004181181718530,,,
1561130225479680000,"@lucaspavanato Nossa, como vc eh VERME. Paga lanche mentiroso do krl.",https://www.twitter.com/alvarokassab/status/1561130225479680000,,,
1562100949392433152,@djalmaneryneto Coloca pra correr essa corja nojenta de milicianos ğŸ‘ğŸ‘ğŸ‘ğŸ‘,https://www.twitter.com/LeninhaCelso/status/1562100949392433152,,,
1561879137626865664,"@cabogilberto Porra CARECA  Ta de sacanagem, vai pÃ´r  gelo no rabo do teu mito.",https://www.twitter.com/Ricardo73021139/status/1561879137626865664,,,
1564053775802945539,"@marcofeliciano Sentiu, vagabundo?!
Ahahahahahhah https://t.co/GaDjh98lAD",https://www.twitter.com/CanhotoDr/status/1564053775802945539,,,
1565087996667363329,@WilliamJacob @cirogomes @AnaPaulaMatosBA @clauf UberlÃ¢ndia vai estar em festa ğŸ¥³ #WilliamJacobFederal #CiroPresidente12 #AnaPaulaViceDosSonhos,https://www.twitter.com/NikitaPaula/status/1565087996667363329,,,
1563479066077908994,"@thigagliasso Sou Bruno, realmente vc tem inveja de seu irmÃ£o, se lambe merda do bozÃ³.",https://www.twitter.com/FilhoLosnak/status/1563479066077908994,,,
1576243202423549952,"Fazendo minha colinha aqui â¤ï¸ğŸ’šğŸ’›ğŸ‡§ğŸ‡·            LULA PRESIDENTE AMANHÃƒ     1âƒ£ğŸŒŸ3âƒ£ 

1ï¸âƒ£3ï¸âƒ£ Lula - Presidente 
1ï¸âƒ£3ï¸âƒ£ Haddad - Governador 
4ï¸âƒ£0ï¸âƒ£0ï¸âƒ£ MÃ¡rcio FranÃ§a Senador 
5ï¸âƒ£0ï¸âƒ£1ï¸âƒ£0ï¸âƒ£ Boulos - Deputado Federal 
1ï¸âƒ£3ï¸âƒ£1ï¸âƒ£3ï¸âƒ£1âƒ£ EmÃ­dio De Souza - Deputado Estadual 

Ã‰ isso! @EmidioDeSouza_ https://t.co/NEfwDzI3Ku",https://www.twitter.com/Fer3d/status/1576243202423549952,,,
1563247069107994628,"@Jouberth19 @mfriasoficial Teu cu, vagabundo",https://www.twitter.com/Inri__Tado/status/1563247069107994628,,,
1575678754713899008,@joaopiresrj Ele falando asneira das nossas universidades,https://www.twitter.com/DOUGLASGARCIAC3/status/1575678754713899008,,,
1561818719634051073,@lpbragancabr Que bosta,https://www.twitter.com/sirjoaoalecs/status/1561818719634051073,,,
1561415052304990214,@ReginaldoLopes Muito mentira pra um cara de pau sÃ³.dizer que agricultura famÃ­liar alimenta  200 milhÃµes de pessoas .povo nÃ£o e trouxa .vÃ£o ver pra onde vai os preÃ§os dos alimentos se essa quadrilha voltar ao poder com essa polÃ­tica contra o agronegÃ³cio.,https://www.twitter.com/Valdeli85778946/status/1561415052304990214,,,
1565100153677258755,@deltanmd Se fode aÃ­ sozinho lambe botas da direita...,https://www.twitter.com/JlcKinho/status/1565100153677258755,,,
1575690585909956610,@deltanmd Moleque cagÃ£o de mentira vc entende nÃ©.... Seu ze roela picareta mor,https://www.twitter.com/sricardo777/status/1575690585909956610,,,
1562261273143828480,"@zeca_dirceu Mimadinho vagal, se o Papito corrupto nÃ£o estÃ¡ atrÃ¡s das grades, ninguÃ©m merece estar. Relaxa!",https://www.twitter.com/ronaldotome/status/1562261273143828480,,,
1561916498997911552,"@heldersalomao Continua mentindo,faltou Ã³leo de peroba pra esse cara de pau",https://www.twitter.com/vesantos2012/status/1561916498997911552,,,
1569846295723999233,"@SargentoFAHUR Lula tambÃ©m tem fotos a 51 com a manguaÃ§a
Chora Rita,",https://www.twitter.com/juarezpereira23/status/1569846295723999233,,,
1563241689292349442,"@erlan_bastos @emoff @iG Ã‰ cada bosta, sem noÃ§Ã£o.",https://www.twitter.com/Wesley_LopesIg/status/1563241689292349442,,,
1569018533547495424,"@AragaoMosart @PauloMartins10 AlÃ©m de cachaceiro, Ã© burro.",https://www.twitter.com/Wilbar2007kk/status/1569018533547495424,,,
1570199385530830848,"@LorenzonItalo Os militantes de esquerdas sÃ£o frouxas medrosos e covardes, adoram atacar, a Ãºnica forma de defesa deles Ã© se vitimizar e correr de volta ao bando.",https://www.twitter.com/Wolfpatriota22/status/1570199385530830848,,,
1567166447180255232,"@marcelvanhattem Presidenta...,VaÃµ estudar cambada de analfabetos.",https://www.twitter.com/valdenisio_fish/status/1567166447180255232,,,
1561849746465198081,@depchinaglia Mentiroso,https://www.twitter.com/asergiobgama70/status/1561849746465198081,,,
1561915284453298176,@heldersalomao @joanaaraujo1953 PinÃ³quio facista genocida imbecil ladrÃ£o,https://www.twitter.com/sandovaldefaria/status/1561915284453298176,,,
1563724255728115713,@depchinaglia Deve estar se entupindo de camarÃ£o com casca a uma hora dessas.,https://www.twitter.com/lu_capellari/status/1563724255728115713,,,
1560434764754157568,@uczai kkkkkkkkkkkkkkkkkkkkkkkk,https://www.twitter.com/Raphael04425929/status/1560434764754157568,,,
1563154725687549953,"@rdlorenzoni TÃ¡ doido,  tiozinho?",https://www.twitter.com/gjunior4/status/1563154725687549953,,,
1575552045322407937,@AndreJanonesAdv Vc quer de volta a bandeira que vcs limpavam a bun d @? Safado! Jumento!,https://www.twitter.com/pvistamundial/status/1575552045322407937,,,
1559727423012446209,@pauloteixeira13 cara de bosta  !!!,https://www.twitter.com/Aironmax7/status/1559727423012446209,,,
1563663511263272960,@RubensOtoni #BolsonaroNoPrimeiroTurno #Bolsonaro22 https://t.co/QFjPPjapvu,https://www.twitter.com/emewelix/status/1563663511263272960,,,
1575604935806177281,"@drviniciussp @PATRlOTAS @astro_pontes O STF Ã© o EscritÃ³rio do Crime Organizado,Revogaram PrisÃ£o em Segunda InstÃ¢ncia,Anularam as CondenaÃ§Ãµes d Lula LadrÃ£o e d Todos os Corruptos,Condenados no MensalÃ£o e Petrolao,Engavetaram os Processos d Corruptos,Renan Calheiros,Paulinho d ForÃ§a,Omar Aziz
#NÃ£oVotenoLulaLadrao13dPT",https://www.twitter.com/ElZORRO32333230/status/1575604935806177281,,,
1573617896466644992,@DaniloBalas @Miltonneves Piada deste ladrÃ£o desgraÃ§ado!,https://www.twitter.com/ideiasrevoltas/status/1573617896466644992,,,
1575496104845922310,Olha aÃ­ a petralhada querendo voltar a cena do crime @ZeRicardoAM https://t.co/nIEHhOf1cg,https://www.twitter.com/SupremaDireita/status/1575496104845922310,,,
1563918650662330368,@rdlorenzoni Chora vagabundagem,https://www.twitter.com/JYavikki/status/1563918650662330368,,,
1562184030057005056,@djalmaneryneto EstÃ¡  drogado vagabundo.,https://www.twitter.com/SandroMore2/status/1562184030057005056,,,
1573496786206998542,@FabioOstermann Chora na cama racista de ğŸ’©,https://www.twitter.com/ChupaCabra4455/status/1573496786206998542,,,
1569079576369967104,@rfalcao13 Impressionante como esses  brochanaristas se revelam canalhas.,https://www.twitter.com/Ananda44V/status/1569079576369967104,,,
1567646718069555201,"Que vergonha, esse vagabundo! @carteiroreaca https://t.co/MrUqI5PvoQ",https://www.twitter.com/ROrgirdor/status/1567646718069555201,,,
1559710243214557185,@pauloteixeira13 De menino buchudo,https://www.twitter.com/LucianaMarque50/status/1559710243214557185,,,
1575686773472215041,@carteiroreaca Safadeza,https://www.twitter.com/SDuranie/status/1575686773472215041,,,
1575806670822703109,@SamLimaContador @joaobettega_ Vai tomar no seu rapaz.,https://www.twitter.com/andrade_esley/status/1575806670822703109,,,
1570733092498984960,@SoldadoFruet A cara do BOLSONARISMO esse imbecil,https://www.twitter.com/CaxiasSalesvp/status/1570733092498984960,,,
1561188969395757056,@EmidioDeSouza_ @JanjaLula Olha filho mais um tchutchuca do ladrÃ£o ğŸ«¶,https://www.twitter.com/JeanMota_s/status/1561188969395757056,,,
1562154406157623297,@thigagliasso @thigagliasso vixe esse canalha Ã© candidato ? Esses pilantras gostam de fazer baderna nas redes sociais e se candidatarem nestes partidos de canalhas para conseguirem uma mamataâ€¦ safados.,https://www.twitter.com/Ricardo96456647/status/1562154406157623297,,,
1568622846301052930,@ReginaldoLopes Basta ser 13 pra ser lixo.,https://www.twitter.com/EliseuDelvecchi/status/1568622846301052930,,,
1564744935018209280,"@cabojunioamaral Pq se vc acha q ela pediu para liberarem as drogas , ficou Ã³bvio agora kkkkkk",https://www.twitter.com/eudigoo0/status/1564744935018209280,,,
1567478114476851203,@CarlosZarattini Sabe nem o que Ã© fascista nÃ© inocente acÃ©falo ğŸ˜‚,https://www.twitter.com/Bolsonaroolive1/status/1567478114476851203,,,
1563278909436661766,"@MatheusLaiola Que absurdo, da pessoa deixar ele sem seguranÃ§a,  ele deve estar com medo,o proprietÃ¡rio Ã© um sem noÃ§Ã£o,  tadinho fo cÃ£ozinho. ğŸ˜¡",https://www.twitter.com/CurielMarlene/status/1563278909436661766,,,
1562026105657335808,"@JoseMedeirosMT Na cara nÃ£o, pode estragar o velÃ³rioğŸ¤£ğŸ¤£ğŸ¤£ğŸ¤£ğŸ¤£ğŸ¤£ğŸ¤£",https://www.twitter.com/ChagasChagas221/status/1562026105657335808,,,
1567558776852566019,"@giovanicherini @ricardobolsobr Ã‰ Gente de Maisss, coisa lindağŸ™ŒğŸ™Œ",https://www.twitter.com/MariaSo84560720/status/1567558776852566019,,,
1572193771290492934,@deputadomoraes ğŸ˜‚ https://t.co/CRQYxm3xFY,https://www.twitter.com/AaliceMesmo/status/1572193771290492934,,,
1559676146651987969,@CoronelTadeu Pau nesses vagabundo,https://www.twitter.com/Eduardo91505092/status/1559676146651987969,,,
1565898961084350467,@BiologoHenrique Esse ESCROTO VAGABUNDO tem q voltar pro fundo d esgoto junto c a corja inteira de bovinos!!!,https://www.twitter.com/GervasioSymone/status/1565898961084350467,,,
1574489989248958478,@deltanmd Vc Ã© safado DD,https://www.twitter.com/ttwesleysimoes/status/1574489989248958478,,,
1576297250149392384,"@uczai @lucas_olibio Vai nessa! 
SC Ã© 70% Bolsonaro!",https://www.twitter.com/razoespublicas/status/1576297250149392384,,,
1575688387201478656,"@Oficialluizlima Ela quer levantar a sabatina em seu ambiente profissional...
Safadinha.",https://www.twitter.com/Mauricio00822/status/1575688387201478656,,,
1561884066756153344,"@depchinaglia Teu cu, mentiroso.",https://www.twitter.com/udirleisantiago/status/1561884066756153344,,,
1559964655120007168,@marceloramosam LÃ³gico aÃ­ tÃ¡ todes amigues,https://www.twitter.com/LuizCar98536168/status/1559964655120007168,,,
1560500802065670144,@AbrahamWeint Quanto o PT tÃ¡ pagando pra vocÃª publicar tanta M?? TraÃ­ra safado.,https://www.twitter.com/SheylaFonseca/status/1560500802065670144,,,
1572076634349645824,@Jouberth19 @JoaquinTeixeira Risada de MONGOLAO,https://www.twitter.com/FabiVerdades/status/1572076634349645824,,,
1562083770844454912,@djalmaneryneto Enquadro kkkkkkkkkkk tomou foi um calor do seguranÃ§a kkkkkkkkkkkkkkkkk,https://www.twitter.com/Ale4vetor/status/1562083770844454912,,,
1564380662039207939,"@thigagliasso Eeeee o Lularapio tomou na toba mais uma vez, chupa PTralhada!",https://www.twitter.com/Evaldo93914825/status/1564380662039207939,,,
1574843725255217152,@JoseMedeirosMT Fora lula vocÃª jÃ¡ teve sua chance Hasta la vista baby ADEUS !!!,https://www.twitter.com/tufodealgodao/status/1574843725255217152,,,
1570170229866504195,@uczai Esse tal de jornalista Ã© um baita babaca!!!,https://www.twitter.com/GeraldinoCardo1/status/1570170229866504195,,,
1569470974671601670,"@coroneltelhada CoronÃ©, bora falar a verdade?!?!?!",https://www.twitter.com/ctonon2/status/1569470974671601670,,,
1565800201041985537,"@CesarAMelllo E essa pica aqui doutor?
https://t.co/xfQsIrTbCk",https://www.twitter.com/DanielMaurcio6/status/1565800201041985537,,,
1564290182760861696,@ZeRicardoAM Estarei lÃ¡ ğŸš©ğŸš©,https://www.twitter.com/luiz_augusto19/status/1564290182760861696,,,
1569032152422965252,@filipebarrost @MariaLu53823621 Cambada de descerebrados,https://www.twitter.com/Isabelacvr1/status/1569032152422965252,,,
1561888809930969090,"@Glauber_Braga Parece um alucinado falando, mente demais! Olhos esbugalhados! Cara de que estava bem louco!!",https://www.twitter.com/ElaineSeeds/status/1561888809930969090,,,
1561875458299396097,@cabogilberto Dois merdas,https://www.twitter.com/fmulatinho/status/1561875458299396097,,,
1562505755634565120,"@ThiagoResiste Cacete, tudo isso gosta do Bozo? Enquanto isso o maior fundo de investimentos do mundo retirou 17 bilhÃµes de Reais do Brasil. SerÃ¡ por quÃª?",https://www.twitter.com/Alexand88092649/status/1562505755634565120,,,
1562945896136208384,"@filipebarrost Cala a tua boca, ficaram a 4 anos falando e xingando tudo e todos que ousasse a falar de vocÃªs e agora nÃ£o aguenta nada?? Covarde",https://www.twitter.com/DPadova/status/1562945896136208384,,,
1565638591308521472,@rsallesmma Passava por cima desses vermes imundo kkkk,https://www.twitter.com/Bonito69628601/status/1565638591308521472,,,
1561796734841487364,@DanjelBigHouse @jairbolsonaro JÃ¡ AtÃ© preparei a pipoca para ouvir as sandices dessa besta ğŸ¤£ğŸ¤£ğŸ¤£ğŸ¤£ğŸ‘‰ğŸ¾ğŸ‘ŒğŸ½,https://www.twitter.com/Uileth/status/1561796734841487364,,,
1576024417150283777,@minc_rj JÃ¡ tenho a cola pra nÃ£o errar nas urnas,https://www.twitter.com/TorresEriton/status/1576024417150283777,,,
1564735267709362178,"@cabojunioamaral @Zambelli2210 Doidona, pÃ³ branco purÃ­ssimo subindo na cabeÃ§a!!!",https://www.twitter.com/MarilzaTutia/status/1564735267709362178,,,
1564791964301774850,@FelipePedri O prÃ³prio bolsobosta admitiu kkk,https://www.twitter.com/markinramon3/status/1564791964301774850,,,
1576237884331687936,@GuilhermeBoulos Invasor! Mentiroso! Sem vergonha! LarÃ¡pio!,https://www.twitter.com/AlvimBarreira/status/1576237884331687936,,,
1573980611240411136,@cassiomoreira Isso como se dizer hÃ©tero mas se fulano te ligar vocÃª vai pra cama com ele.,https://www.twitter.com/chesscubas/status/1573980611240411136,,,
1570464982424326150,@SoldadoFruet vai chamar sua mulher para bater em mais alguem? canalha,https://www.twitter.com/pa_cuza/status/1570464982424326150,,,
1567150705789526017,"@EngZini Para fazer mÃ©dia, pura demagogia.",https://www.twitter.com/GuilhermeR3is/status/1567150705789526017,,,
1562261852863725568,@DanjelBigHouse @29Mattos EstarÃ¡ no SBT no programa do Ratinho as 20h30â€¦ vamos ver quem darÃ¡ a maior audiÃªncia.,https://www.twitter.com/PauloCentini/status/1562261852863725568,,,
1562163747426377728,@djalmaneryneto Chama o cara de desocupado de novo fiii,https://www.twitter.com/Edilsonvf45/status/1562163747426377728,,,
1569652400910381061,"@andrepdt12 O Ciro Gomes que deve respeitar o PDT, vcs estÃ£o destruindo o partido do BRIZOLA",https://www.twitter.com/ggbitencourt/status/1569652400910381061,,,
1561310124400156673,@ReginaldoLopes Muda a sua foto do ser perfil para vermelho ao invÃ©s de disfarÃ§ar no verde e amarelo sai de retroğŸ‘¿ğŸ¤®,https://www.twitter.com/FuriniVivian/status/1561310124400156673,,,
1572534389728497666,@LorenzonItalo @geraldoalckmin vc Ã© muito boboca ğŸ¤ªğŸ¤ªğŸ˜œğŸ¤ªğŸ¤ªğŸ˜œ,https://www.twitter.com/Anafernetto80/status/1572534389728497666,,,
1559978460310917124,"@leosiqueirabr HAHHAHA mete o moralismo aÃ­ no final manda um doc do brasil paralelo HAAHAHA vocÃª Ã© muito otÃ¡rio, bolsonarista enrustido, olavista patÃ©tico",https://www.twitter.com/RenanJaquesAnd1/status/1559978460310917124,,,
1568795597527814145,"@EderMauroPA Olha, lolla vai dizer que  Ã© uma dinamarquesa  de olhos azuis, pq lÃ¡ na festa do Cuscuz Ã± tinha pard0s nem negr0s, tampouco  eles defendem  Biroliro.",https://www.twitter.com/PatricyaVieira4/status/1568795597527814145,,,
1575631176957452288,@joaobettega_ O velho jÃ¡ dizia...por trÃ¡s de todo cu liberal hÃ¡ uma pica Comunista.,https://www.twitter.com/___Shagrath___/status/1575631176957452288,,,
1559942596998348805,"@filipebarrost De qualquer forma, o auxÃ­lio nÃ£o Ã© do Bolsonaro, nem de nenhum polÃ­tico. Ã‰ do estado...autopromoÃ§Ã£o com polÃ­tica pÃºblica Ã© ilegal, inclusive.",https://www.twitter.com/WolfsonEntomo/status/1559942596998348805,,,
1571770116857004032,@depjorgesolla @alexsandraponce O nordestino que vota num filha da puta desses Ã© mais filha da puta ainda!!!!,https://www.twitter.com/clovfortaleza/status/1571770116857004032,,,
1563184395363979272,"@NiltoTatto Ai , ele matou a conversa.",https://www.twitter.com/PalancaLuiz/status/1563184395363979272,,,
1566835363187933184,@hoc111 TÃ¡ de sacanagem,https://www.twitter.com/corvus_rex19/status/1566835363187933184,,,
1572176866764791808,@capitaoderrite @nikolas_dm O cara com uma camiseta que insulta os trabalhadores falando de quem? Esses fdps nÃ£o sabem porra nenhuma de Cristo ou de religiÃ£o. SÃ£o arruaceiros vagabundos.,https://www.twitter.com/GELEAL/status/1572176866764791808,,,
1573349845452324864,@depjorgesolla VocÃª falou dinheiro na cueca?,https://www.twitter.com/TuitesdeDireita/status/1573349845452324864,,,
1572449571715833857,@erlan_bastos @emoff @iG dois psicopatas,https://www.twitter.com/Rogenfernandes/status/1572449571715833857,,,
1567620706191515649,"@magnusgoulart @CamargoDireita Ã‰ de humanas nÃ©, sabe contar nÃ£o nÃ©, lixo",https://www.twitter.com/nerio77760350/status/1567620706191515649,,,
1568441892760686593,"@ENZUH14 Bom dia  para voce kkk
seus cachorros sÃ£o muito fofos",https://www.twitter.com/joruthleitte/status/1568441892760686593,,,
1559931040290029570,@pauloteixeira13 de bunda,https://www.twitter.com/LiegeSaboya/status/1559931040290029570,,,
1574448674817675276,"@SamLimaContador @FernandoHoliday ""ain a diretriz o estatuto"" tomar no seu cu gado de merda",https://www.twitter.com/hbattousai21/status/1574448674817675276,,,
1570229901742989312,"@IvanValente O cara matou a pau, chola escrotalha vermelhağŸ¤¡ğŸ¤¡ğŸ¤¡",https://www.twitter.com/CruelCritica/status/1570229901742989312,,,
1570457949084024835,"@SoldadoFruet Ei mamateiro covarde

Vc q mandou mulher bater em homem como isca pra ver se ele revidava? Se deu mal hein?

Viralizou ainda mais suas MAMATAS

Pessoas como vc sÃ£o a escÃ³ria do mundo. O vÃ­deo tÃ¡ rolando por aÃ­. Quem nÃ£o viu, veja! Fruet mandou bater em quem denunciou suas MAMATAS",https://www.twitter.com/engdohawaii2/status/1570457949084024835,,,
1570427547426627584,@erlan_bastos gdo nela sair e te afrontar  como fez com aquela outra fofoqueira,https://www.twitter.com/roberto14559840/status/1570427547426627584,,,
1572793296694517762,"@dario4e20 Maconheiro e velho patÃ©tico fazendo dancinha em apologia as drogas ilÃ­citas, se enxerga, se fecha mala vÃ©ia",https://www.twitter.com/Marleid48538181/status/1572793296694517762,,,
1562628744887808001,@LuizANCarvalho @kimpaim Prevent SÃªnior? Aquela q deu uma grana preta p a campanha do carniÃ§a???? A Riachuelo q assinou a tal carta da democracia??? TÃ¡ furada esta listaâ€¦,https://www.twitter.com/Sou_a_Syrena/status/1562628744887808001,,,
1573587020684951553,"@danieljosebr Isso Ã© mentira, imbecil!",https://www.twitter.com/davidmuitolouco/status/1573587020684951553,,,
1562783378662780928,@coroneltelhada Seu vagabundo fdp vc e q devia ir pra cadeia,https://www.twitter.com/Porto2MarcoA/status/1562783378662780928,,,
1562078076179255298,"@djalmaneryneto SÃ³ fala grosso andando com meia dÃºzia de troglodita junto. Surra desse verme ta muito atrasada. Um dia a conta chega, e eu torÃ§o pra que seja na madeirada.",https://www.twitter.com/marcelojacob77/status/1562078076179255298,,,
1564045772856885254,@ENZUH14 Ã‰ um mentiroso compulsivo esse barbudo cachaceiro.. PQP!! Asco!!! ğŸ’ªğŸ‡§ğŸ‡·,https://www.twitter.com/LeoCosta1974/status/1564045772856885254,,,
1566376848841474048,"@Safatle_oficial E a globo sobre esse assunto, NADA!!!Ã© bozomerda tÃ¡ certo,globo lixo!!!!kkkkkk",https://www.twitter.com/AdilsonCremasco/status/1566376848841474048,,,
1561884484500340736,"@djalmaneryneto MachÃ£o banana. Inha cercado de machÃµes milicianos,",https://www.twitter.com/Claudio48832391/status/1561884484500340736,,,
1569424414369775617,"@CardosoJrDavid @Lima72023680 @bernardokuster2 SÃ³ estÃ¡ ali pra pegar uns cascalhos do fundo eleitoral, e desaparecer por mais quatro anos.ğŸ˜‰.
Esse jabuti sem casco, nÃ£o muda nunca.",https://www.twitter.com/RenatoF59704809/status/1569424414369775617,,,
1561326019549831170,"@CarlosZarattini Flopou, Zara! loooooooollrÃ£o volta mais nÃ£o!",https://www.twitter.com/Luciano31369221/status/1561326019549831170,,,
1562094207262679040,"@djalmaneryneto Vai, trouxa...",https://www.twitter.com/AlexC10163194/status/1562094207262679040,,,
1566048985403592705,"@bibonunes1 TÃ¡ de brincadeira.
Senado tÃ¡ em conluio com o STF.
E a maioria dos deputados tambÃ©m",https://www.twitter.com/RovaniDeSouza1/status/1566048985403592705,,,
1560807637096202241,@ArthurWeint @RicaPerrone Chame pro podcast esse pobre mendigo ğŸ˜ https://t.co/GekIorvtiw,https://www.twitter.com/beto_feroli/status/1560807637096202241,,,
1561850243729293321,@depchinaglia Mentiroso vc nÃ£o vale uma rolha,https://www.twitter.com/zomer_simone/status/1561850243729293321,,,
1563016000533999616,"@marcofeliciano Quando eles recebem uma pessoa inteligente realmente Ã© outro tratamento, jÃ¡ o asno de segunda-feira que sÃ³ falou mentiras e deu patadas, recebeu o tratamento que merecia. https://t.co/f0o8ZCSrrX",https://www.twitter.com/thigana07/status/1563016000533999616,,,
1571801002315071489,"@marcofeliciano estupr4dor de merd4, cÃª temq morr3r!!!",https://www.twitter.com/saymydemi/status/1571801002315071489,,,
1561830865663131648,@lpbragancabr Atrasoooo. Gente vagabunda de verdade!,https://www.twitter.com/LugMawe/status/1561830865663131648,,,
1563922407236272128,"@magnusgoulart @taoquei1 Ui, o mimizento do carniÃ§a safado bebum ladrÃ£o falando em crÃ´nica, o qual a gente Ã± pode falar nada q Ã± aguentam nenhuma brincadeirinha da direita e jÃ¡ querem prender, gente hipÃ³crita uhahhahaha",https://www.twitter.com/MesmaVal/status/1563922407236272128,,,
1565848875709210628,@rsallesmma Essa raÃ§a de esquerdistas Ã© q sÃ£o fdp,https://www.twitter.com/antonio70919884/status/1565848875709210628,,,
1564233174065983488,"@f å¤ã®å¤œã®å¤¢ ã‚µã‚¤ãƒ‰ãƒã‚§ãƒ³ã‚¸ã¾ãŸã¯äº¤æ›ã‚’æ¢ã—ã¦ã„ã¾ã™ã€‚

ã€è­²ã€‘æ—¥ç”Ÿ 9/11 å¤œ 1éš Lã€œNåˆ—ä¸‹æ‰‹ 1æšï¼‹ä¸Šä¹—ã›ï¼ˆè¦ç›¸è«‡ï¼‰

ã€æ±‚ã€‘9/11å¤œã€9/22ã€9/25
ï¼ˆ1éšã€œCåˆ—ã€GCéšã€2éšã€œBåˆ—ï¼‰

ãŠå¿ƒå½“ãŸã‚Šã‚ã‚‹æ–¹ã¯ãŠæ‰‹æ•°ãŠæ›ã‘ã—ã¾ã™ãŒã€dmãŠé¡˜ã„ã—ã¾ã™ã€‚
#å¤ã®å¤œã®å¤¢è­² #å¤ã®å¤œã®å¤¢äº¤æ›",https://www.twitter.com/_trhk_ac/status/1564233174065983488,,,
1573517382571724803,@danieljosebr Grande bosta,https://www.twitter.com/oLULAmilgrau/status/1573517382571724803,,,
1566952550124896256,@GuilhermeBoulos B22...sai fora pilantra,https://www.twitter.com/Niro10011/status/1566952550124896256,,,
1570999856721981442,"@carlossampaio_ @anndrade_celia ESTE ANIMAL, ESTE SAPO BARBUDO, DEVERIA RESPEITAR O POVO BRASILEIRO
BANDIDO
REVOLTANTE 
KU KLUX KLAN FOI UMA ORGANIZAÃ‡ÃƒO SECRETA RACISTA CRIADA POR EX SOLDADOS CONFEDERADOS DO TENNESSEE QUE LUTARAM NA GUERRA CIVIL AMERICANA 
#LulaLadraoSeuLugarENaPrisao",https://www.twitter.com/AvelinoOl1/status/1570999856721981442,,,
1570444458281537536,@SoldadoFruet Vc Ã© o tal que bebe gasolina?,https://www.twitter.com/ContatoRocha/status/1570444458281537536,,,
1572631145514409995,@leosiqueirabr Menino vai dar o cu pra qm tem tempo porra,https://www.twitter.com/WerlanSouza/status/1572631145514409995,,,
1561395277038231559,@JoseMedeirosMT O povo brasileiro dispensa o apoio de um traidor imoral.ğŸ‡§ğŸ‡·ğŸ‡§ğŸ‡·ğŸ‡§ğŸ‡·ğŸ‡§ğŸ‡·ğŸ™,https://www.twitter.com/Ronaldo32171184/status/1561395277038231559,,,
1570470380535414785,"@SoldadoFruet Aquela mulherzinha Ã© sua esposa? Aquela covarde, e vocÃª Ã© mais um que quer mamar no estado, seu vag@abundo.",https://www.twitter.com/LeoDuraes1996/status/1570470380535414785,,,
1571291470019141632,@CarlosZarattini Igual Alckimim e o ladrÃ£o,https://www.twitter.com/Erika168596635/status/1571291470019141632,,,
1570949472318009344,@Trom_Petista ğŸ‡§ğŸ‡·cheio de gente sentada caladas sÃ³ olhando um bando de idiotas clamando por um ladrÃ£o,https://www.twitter.com/MilsonMf/status/1570949472318009344,,,
1568547425886896129,"@CesarAMelllo @monark @Marcelohomem2 CÃ©sar sua entrevista ficou fantÃ¡stica. E eles nÃ£o vÃ£o ter coragem de publicar. ParabÃ©ns pelo trabalho. ""bora bater nesse filho da puta com outro filho da puta""",https://www.twitter.com/SrRichfield/status/1568547425886896129,,,
1561175232844644359,@RubensOtoni Kkkkkkkkkkkkkkkkkkkk nÃ£o caimos mais nesta histÃ³ria de ladrÃ£0 safado,https://www.twitter.com/RosemeireMour13/status/1561175232844644359,,,
1565638782287855618,"@rsallesmma querem intimidar homens de bem,sÃ£o vagabundos e Maconheiros,forÃ§as Ricardo Salles!",https://www.twitter.com/Eduardo90504717/status/1565638782287855618,,,
1566486466011734016,"@cabojunioamaral O POVO DA ENFERMAGEM, DEVERIA APROVEITAR O 7 DE SETEMBRO.  #STFVergonhaNacional https://t.co/KSlPEsNwIA",https://www.twitter.com/FabianoMartin22/status/1566486466011734016,,,
1576576619195469831,@marcelvanhattem Vai mentir no diabo que te carregue,https://www.twitter.com/sound3vision/status/1576576619195469831,,,
1566891275688738816,@erlan_bastos MiserÃ¡vel mental.,https://www.twitter.com/margarethgolin/status/1566891275688738816,,,
1572978830629031936,@EderMauroPA Vagabundo,https://www.twitter.com/DWendriw/status/1572978830629031936,,,
1573116580870987777,@dario4e20 Vai gsnhar em primeiro lugar um barraco na biqueira.,https://www.twitter.com/Adriano86089310/status/1573116580870987777,,,
1574921342209560576,"@MottaTarcisio Claro TarcÃ­sio! Eu conheÃ§o bem sua histÃ³ria, seus projetos e acho uma excelente opÃ§Ã£o para nÃ³s do Rio de Janeiro!!! âœŠğŸ½",https://www.twitter.com/Ticostacruz/status/1574921342209560576,,,
1560768586884546561,"@thigagliasso Pega LADRÃƒOOOOOOOOOO,  kkkkkkkkkkkkkkkkkkkkkk",https://www.twitter.com/TitinhaBrasil/status/1560768586884546561,,,
1564072172246671362,@carmelonetobr @bernardo4211 kkkkkkkkkkkkkkkkkkkk tem que manter o nÃ­vel de Ã¡lc00l no sangue,https://www.twitter.com/IoebeI/status/1564072172246671362,,,
1563265843395383302,"@del_brunolima Te admiro muito, parabÃ©ns pelo aniversÃ¡rio, muitas realizaÃ§Ãµes e que Deus abenÃ§oe imensamente sua vida ğŸ’“â¤ï¸ğŸ˜˜",https://www.twitter.com/pedro_sandra/status/1563265843395383302,,,
1570473942003093508,@SoldadoFruet covarde,https://www.twitter.com/CepoLico/status/1570473942003093508,,,
1570458886355787776,"@SoldadoFruet EaÃ­ seu MERDA, vc que Ã© o mamateiro marido daquela PIRANHA? 

AlÃ©m de gastar o dinheiro do povo, humilhar o brasileiro, quer agredir quem conta a verdade? 

Soldado fruta vadio, vagabundo!!!",https://www.twitter.com/sayan_ssj3/status/1570458886355787776,,,
1561822697721585667,@nikolas_dm AtÃ© as pernas essa desgraÃ§a quer roubar? Oxxiii. Volta pro inferninho coisa ruim. ğŸ˜’ğŸ’ªğŸ¾ğŸ‘ŠğŸ¾ğŸ‡§ğŸ‡·,https://www.twitter.com/jeronimo_poggi/status/1561822697721585667,,,
1563555311918927874,"@AndreJanonesAdv Merda, verme imundo e vocÃª seu ptralha, que se elegeu nas costas do presidente seu safado",https://www.twitter.com/ALDOACOSTAFERN3/status/1563555311918927874,,,
1568075461439246336,@AndreJanonesAdv Bem feito babaca,https://www.twitter.com/GulartPerin/status/1568075461439246336,,,
1568006448969285633,@andreporci TÃ¡ com medinho Ã© mÃ£e!!?? ğŸ¤£ğŸ¤£ğŸ¤£ O povo Ã© Bolsonaro na veia!!! ğŸ¤£ğŸ¤£ğŸ¤£ğŸ¤£,https://www.twitter.com/MarcosCQ75/status/1568006448969285633,,,
1567685587431211008,"@Trom_Petista @carapanarana NÃ£o se despediram para dar lugar aos burros, seu lugar estÃ¡ lÃ¡ bem reservado pra o burro mor.",https://www.twitter.com/MikelGomes7/status/1567685587431211008,,,
1569121404137734145,"@Oficialluizlima Quem nasce bardoto, jamais serÃ¡ um PÃ©gaso!",https://www.twitter.com/JBarrachina15/status/1569121404137734145,,,
1564019000207724546,@ferreirinharj @eduardopaes Esse adora passar vergonha na bajulaÃ§Ã£o hahahaha patÃ©tico demais,https://www.twitter.com/euleonardobrito/status/1564019000207724546,,,
1576543874427674624,"@GTavaresPCB Venceremos camaradas! E parabÃ©ns pra vocÃª e pra todos camaradas que tocaram a tarefa de campanha esse ano, tÃ´ muito feliz e orgulhoso por tudo que pude ver e acompanhar",https://www.twitter.com/daviss80/status/1576543874427674624,,,
1563212101010698242,@GenPeternelli Que show ğŸ‘ğŸ»ğŸ‘ğŸ»ğŸ‘ğŸ»,https://www.twitter.com/ClareteQuezada/status/1563212101010698242,,,
1561497533037297664,@celamericosp Mal carÃ¡ter mesmo.,https://www.twitter.com/Mbrancacciobh/status/1561497533037297664,,,
1564065624074211328,@LuizANCarvalho 10,https://www.twitter.com/CAC_PATRIOTA/status/1564065624074211328,,,
1568258263774265344,"@bibonunes1 @Marbenje A Boca Fala daquilo q o CoraÃ§Ã£o estÃ¡ Cheio,o Lula LadrÃ£o Corrupto,Psicopta,chama o Povo Brasileiro d Racista d Ku Klux Klan,o AgroNegocio d Fascistas,CristÃ£os d Mafiosos,as Igrejas d FacÃ§Ãµes,Lula LadrÃ£o,Canalha Picareta,q as OrganizaÃ§Ãµes Criminosas Politica querem no poder.",https://www.twitter.com/ElZORRO32333230/status/1568258263774265344,,,
1559874630168477696,@esuplicy @LulaOficial @Haddad_Fernando Ah coitado,https://www.twitter.com/Vitoria35258565/status/1559874630168477696,,,
1559944633786028034,"@deputadomoraes @brom_elisa @jairbolsonaro Imitando norte americano, nÃ© pateta? BobalhÃ£o.",https://www.twitter.com/MarceloSuzukiBr/status/1559944633786028034,,,
1562688217006358529,@carteiroreaca @Miltonneves Toma aqui seu bostinha https://t.co/mnwq6bbDRc,https://www.twitter.com/jhou_jhou9216/status/1562688217006358529,,,
1576212604531638272,"@OsmarTerra @Biakicis OLHA O HONESTO.... Ã‰ MENTIIIIRA !

OLHA OS CORRUPTOS... Ã‰ VERDAAAADE !!

OLHA A CADEEEIA... TÃ CHEGAAANDO !!!

ANARRIÃŠÃŠÃŠ !
#BolsonaroNaCadeia https://t.co/eKRCyoLyzA",https://www.twitter.com/MalukeiroBeleza/status/1576212604531638272,,,
1573094464175935488,"@chico_psol C vai acabar elegendo Bolsonaro com essa oposiÃ§Ã£o fraquinha - mete o dedo na ferida Chico! O cara Ã© um canalha mesquinho que nunca ligou pra ninguÃ©m, ele sÃ³ pensa em dinheiro e poder.",https://www.twitter.com/LookingCritical/status/1573094464175935488,,,
1574373920404393985,@AragaoMosart Ã‰ o capitÃ£o do nojo! ğŸ¤®,https://www.twitter.com/claudiocurvelo/status/1574373920404393985,,,
1576599820248096768,"@marcelvanhattem A justiÃ§a ja mandou tu apagar essa picaretagem aÃ­, neoliberalzinho manÃ©",https://www.twitter.com/_velles/status/1576599820248096768,,,
1563907149448859651,@erlan_bastos @emoff @iG Deve estar doente,https://www.twitter.com/LEATOMER4/status/1563907149448859651,,,
1568049360872538112,"@Oficialluizlima Quem nÃ£o Ã© nazi aÃ­, fascistinha, no mÃ­nimo",https://www.twitter.com/taisehdoido/status/1568049360872538112,,,
1561809398187565061,@djalmaneryneto Vc deve ser um bosta corrupto.,https://www.twitter.com/TEO2003/status/1561809398187565061,,,
1567549933149982722,"@BohnGass @LulaOficial O boÃ§alnaro precisa acreditar que Ã© imbroxÃ¡vel, jÃ¡ que a Micheque entregou para deus...ğŸ˜‚",https://www.twitter.com/Leite_Dalva/status/1567549933149982722,,,
1573734594955845632,@esuplicy @Pontifex_es Deveria ter falado que a cachaÃ§a o Lula Bebeu,https://www.twitter.com/FelipeDomCastro/status/1573734594955845632,,,
1575665893819895808,@carteiroreaca Simone Tebet Ã© uma enganaÃ§Ã£o!,https://www.twitter.com/viniciusaithsp/status/1575665893819895808,,,
1568079883179376640,@GuilhermeBoulos Kkkkkkkkkkkkkkkk,https://www.twitter.com/lomn22/status/1568079883179376640,,,
1567688285962502145,@ArthurWeint Pq ele tinha gente igual a vocÃª no governo,https://www.twitter.com/victor_rj021/status/1567688285962502145,,,
1564591191085252608,@augustodeAB @monark Ele fala absurdo e quer dar como verdade!,https://www.twitter.com/Avelino_Morais/status/1564591191085252608,,,
1561907809242988544,@ZeRicardoAM Vai chupar um canavial de rola ....mentiroso .,https://www.twitter.com/mazaowsouza/status/1561907809242988544,,,
1568569265820925953,@Trom_Petista NÃ£o enchem nem as mesas do McDonalds! Kkkkkk.... haja corneta!,https://www.twitter.com/Newsalia/status/1568569265820925953,,,
1569424744507645952,@filipebarrost Mulecote bom de uma surra de cipÃ³ de goiaba,https://www.twitter.com/EmanoelApareci9/status/1569424744507645952,,,
1570446125370601473,@SoldadoFruet E os 170 mil em gasolina vai omitir isso seu mamateiro ???,https://www.twitter.com/Davison98168229/status/1570446125370601473,,,
1566292756284248066,@rsallesmma @Zambelli2210 Isso Ã© coisa de PTralhas!,https://www.twitter.com/LuizAdrianoBR3/status/1566292756284248066,,,
1572717584373653505,"@DFDanielFreitas SÃ³ os prÃ³ximos pai mÃ£e irmÃ£o e filhos 11 agora se for colocar sobrinhos tios primos cunhados sogra, aÃ­ meu filho, pÃµe mais de cem todos os lados da famÃ­lia tanto de pai, como de mÃ£e como de marido como de famÃ­lia de genros tudo Bolsonaro",https://www.twitter.com/Loira228/status/1572717584373653505,,,
1572718866966380546,@esuplicy @RACIONAISCN Achou a carteira?,https://www.twitter.com/MiltonS94784704/status/1572718866966380546,,,
1560427524613718016,@ReginaldoLopes @LulaOficial @gleisi Com meia dÃºzia de gato pingado cara malhada,https://www.twitter.com/Sidneimello10/status/1560427524613718016,,,
1568801833518243840,"@cabojunioamaral CAMBADAS, risca o fosfo irmÃ£o, q DEUS os PROTEJAM SAÃšDE AÃ GENTE e CAPITÃƒO LÃ EM PAZ",https://www.twitter.com/Loyola24737534/status/1568801833518243840,,,
1571852438549962759,@IvanValente Foda se velho ladrÃ£o safado! https://t.co/l1m1pzEwIp,https://www.twitter.com/sampaio_aluisio/status/1571852438549962759,,,
1572009248866897921,@capitaoderrite @nikolas_dm Gente podre,https://www.twitter.com/AbrahaoSelma1/status/1572009248866897921,,,
1561853133617258496,@depchinaglia Tu tÃ¡ aÃ­ a qtas dÃ©cadas?  Fez o q pelo povo? Larga mÃ£o de ser mentiroso sem carÃ¡ter VÃ©io.,https://www.twitter.com/Duzolina1/status/1561853133617258496,,,
1568414673426317312,@EderMauroPA Quem Ã© esse menino pimbudo ?,https://www.twitter.com/deusabarboza/status/1568414673426317312,,,
1572946529190834178,@esuplicy @Haddad_Fernando O senhor estava jogando Pokemon no Nintendo DS.,https://www.twitter.com/ClebioMarcio/status/1572946529190834178,,,
1576513330864263168,@JoseMedeirosMT Deputado qual o verdadeiro resultado na nova zelandia?,https://www.twitter.com/Agnaldo43884944/status/1576513330864263168,,,
1573111275718152196,@rfalcao13 Ratinho lulou,https://www.twitter.com/caririkaatinga/status/1573111275718152196,,,
1573267134309974017,@depjorgesolla Quanta papagaiada ridÃ­cula !!!,https://www.twitter.com/robertothomaz/status/1573267134309974017,,,
1572337974968291329,@dep_padrejoao @brasil247 @De2011vargas Fascismo do ex detento kkkkkkkkk melhor esse que estÃ¡ aÃ­ do que voltar a cena .,https://www.twitter.com/juniorD36944812/status/1572337974968291329,,,
1562081671716937729,"@marcofeliciano Tu nÃ£o dorme nunca, tu vai pro inferno malandro.",https://www.twitter.com/osvaldovilela21/status/1562081671716937729,,,
1572178119175581698,"@f å¤ã®å¤œã®å¤¢ äº¤æ›å…ˆã‚’æ¢ã—ã¦ã„ã¾ã™ã€‚

ã€è­²ã€‘9/23 æ˜¼ 1éšAã€œï¼£åˆ— ä¸‹æ‰‹
9/23 å¤œ 1éšAã€œCåˆ— ä¸Šæ‰‹

ã€æ±‚ã€‘9/22 åŒç­‰åˆ—ä»¥ä¸Šã€XBXCå„ªå…ˆ

äº‹å‰éƒ½å†…/å½“æ—¥æ‰‹æ¸¡ã—
ãŠå¸­ã«ã‚ˆã‚Šã€œ1.0ä¸Šä¹—ã›å¯èƒ½
ãŠå¿ƒå½“ãŸã‚Šã‚ã‚‹æ–¹ã¯dmãŠé¡˜ã„ã—ã¾ã™ã€‚
#å¤ã®å¤œã®å¤¢äº¤æ› #å¤ã®å¤œã®å¤¢è­²",https://www.twitter.com/_trhk_ac/status/1572178119175581698,,,
1575906870698868736,"@tuliogadelha Chupa que Ã© de uva, vai pra Venezuela",https://www.twitter.com/sharleysousa/status/1575906870698868736,,,
1575414215384367104,@carlosjordy Minha gente essa mulher Ã© doente!,https://www.twitter.com/DomVobiscum/status/1575414215384367104,,,
1564064425019146241,@marcofeliciano Bolsonaro Ã© o tchutchuca ğŸ˜‚ğŸ˜‚,https://www.twitter.com/hmitsumune/status/1564064425019146241,,,
1565411957653602311,@esuplicy Piada kkkkk,https://www.twitter.com/ErikaMelloGona2/status/1565411957653602311,,,
1575305361107582982,@felipecamozzato Vai te deita guaipeca!!!,https://www.twitter.com/georgecp/status/1575305361107582982,,,
1570458980790734848,"@CardosoJrDavid Se fosse uma mulher candidata a algo que tivesse posado nua no passado, vcs estariam esculhambando. Se fosse petista, entÃ£o, NOSSAAAA!!! 
Mas como Ã© homem bolsonarista... tÃ¡ tudo bem, trabalho honesto, o cara Ã© um bom exemplo para nossas criancinhas
Bando de hipÃ³critas",https://www.twitter.com/Mafalda_NYCity/status/1570458980790734848,,,
1570215827072339983,"@LorenzonItalo @FrtcvLbnmL Foi esse cara que o Tarchina chamou gentilmente de ""idiota""? AtÃ© o Eduardo Bolsonaro defendeu a Vera, isso que eu chamo de sororidade. 
ğŸ¤¡ğŸ‘",https://www.twitter.com/Marcoslrsilva/status/1570215827072339983,,,
1570418721331478532,@AbrahamWeint @KayseTribeck A pergunta certa seria: foi comprada com dinheiro ilegal? Deu ruim pra tu PatatÃ¡.,https://www.twitter.com/fabio291178/status/1570418721331478532,,,
1566813141245329408,@erlan_bastos Babaca canalha!ğŸ¤¢ğŸ¤¢ğŸ¤¢ğŸ¤¢ğŸ¤¢,https://www.twitter.com/georgearrais__/status/1566813141245329408,,,
1562166501137944578,@celamericosp dois merdas,https://www.twitter.com/jaircardosojc/status/1562166501137944578,,,
1575088679613173761,@CoronelTadeu @Penta_CFC Ã‰ uma gente muito canalha!ğŸ˜±,https://www.twitter.com/Manguti/status/1575088679613173761,,,
1571991793096626177,@capitaoderrite @nikolas_dm RaÃ§a podre. Tem que varrer isso pra fora do Brasil,https://www.twitter.com/oflavinvest/status/1571991793096626177,,,
1572386355904417793,"@dario4e20 Desejo sinceramente que toda sua famÃ­lia venham a virar maconheiros e se juntem a cracolÃ¢ndia. Depois da maconha vem drogas piores. Como assistente social, te aconselho o seguinte autoriza a Anitta a cantar tua mÃºsica, vai ser eleito pq vais representar todos os infelizes.",https://www.twitter.com/dusa4643/status/1572386355904417793,,,
1560281789520027648,@carmelonetobr Cala boca moleque orelhudo,https://www.twitter.com/RenanJaquesAnd1/status/1560281789520027648,,,
1574888685782409224,@rdlorenzoni @liberal22_rs Eles ja sabem a lapada sera no PRIMEIRO TURNO ğŸ‡§ğŸ‡·2ï¸âƒ£2ï¸âƒ£ğŸ‡§ğŸ‡· https://t.co/LM5RkidESY,https://www.twitter.com/LiaAlve85986905/status/1574888685782409224,,,
1570971563335516161,@carmelonetobr Teu cu! Mentiroso! https://t.co/iM9uAXUDcw,https://www.twitter.com/ametistakali/status/1570971563335516161,,,
1572996552959860737,@minc_rj ğŸ‘ğŸ‘ğŸ‘ğŸ‘ Vamos juntos derrotar esse fascista ser das trevas!!!,https://www.twitter.com/KikaAngelHerna2/status/1572996552959860737,,,
1575209436284481537,"@RubensOtoni @arte_prima GM, fez barba, cabelo e bigode do burocrata.",https://www.twitter.com/ArrudaGrozny/status/1575209436284481537,,,
1565330669999427585,"@cabogilberto E na nossa ParaÃ­ba, os preÃ§os continuam acima do resto do Brasil, o canalha do @joaoazevedolins Ã© culpado.",https://www.twitter.com/GlauberMaracaja/status/1565330669999427585,,,
1568057640122474498,"@Oficialluizlima BÃªbado filho da p. DesgraÃ§ado , lula seu lixo maldito",https://www.twitter.com/FurianMarcos/status/1568057640122474498,,,
1569158314566582273,"@bibonunes1 AlÃ©m de iletrado bÃªbado que nÃ£o possui sequer curso primÃ¡rio, mundialmente conhecido como ladrÃ£o.",https://www.twitter.com/LucioAntonioBe1/status/1569158314566582273,,,
1564785334587740160,"@verdouglasgomes @GregorioPzz @TSEjusbr SerÃ¡ que servirÃ¡ para o pessoal dos morros, tambÃ©m? Precisa avisar ao povo do guarda-chuva lÃ¡!",https://www.twitter.com/Rose74244583/status/1564785334587740160,,,
1561864642279899136,"@rsallesmma Falsa, ridÃ­culaaa!!!",https://www.twitter.com/Lenimili3/status/1561864642279899136,,,
1572816019298865153,@LuizANCarvalho Ã‰ uma coitada.,https://www.twitter.com/EstelaEuMesmaSC/status/1572816019298865153,,,
1570365648206716934,@DelegadoZucco @RevistaISTOE Quem nÃ£o dever ter honra Ã© a sua mÃ£e por ter parido um lixo da pior espÃ©cie como vocÃª,https://www.twitter.com/Eduarda00734391/status/1570365648206716934,,,
1570726498038075393,@SoldadoFruet Tu Ã© um verme!!!,https://www.twitter.com/SChAFer_77/status/1570726498038075393,,,
1568232468523761664,@GeneralGirao 51 pilantra e stf vergonha nacional,https://www.twitter.com/RighettiSR/status/1568232468523761664,,,
1559747730972545030,@pauloteixeira13 Cara de bumbum ğŸ˜‚,https://www.twitter.com/menapimenta/status/1559747730972545030,,,
1560396908564185089,"@delegadoramagem @jairbolsonaro Querido, SatÃ£naro Jair nÃ£o anda no meio do ""povo"", e sim no meio da Gadaiada kkkk

Agora pula para o Voldemort impedindo manifestaÃ§Ã£o com faixas e retirando com violÃªncia quem o chama ele de corrupto miliciano genocida.

Tchuchuca do CentrÃ£o serÃ¡ inesquecÃ­vel. https://t.co/hjpyh2apCW",https://www.twitter.com/RPLuciana_LuLa/status/1560396908564185089,,,
1567552881015853057,@pedropaulo Esse Ã© Brabo!! meu Federal 5ï¸âƒ£5ï¸âƒ£5ï¸âƒ£5ï¸âƒ£,https://www.twitter.com/AlexandreHerin1/status/1567552881015853057,,,
